id,,,,,,,,,,,,,,,,,,,
1993206480958001152,2025-12-25 13:31:01.089000,,,,,,,,,,,,,,,,,,
1992871268008988672,2025-12-11 16:14:27.362000,,,,,,,,,,,,,,,,,,
1992871272572391424,2025-12-20 16:33:43.869000,,,,,,,,,,,,,,,,,,
1992871299067809792,2025-11-25 17:14:28.063000,,,,,,,,,,,,,,,,,,
1992871329631703040,2025-12-23 14:28:45.194000,,,,,,,,,,,,,,,,,,
1992871357100199936,2025-12-03 16:33:41.996000,,,,,,,,,,,,,,,,,,
1992871360094932992,2025-12-03 14:17:07.769000,,,,,,,,,,,,,,,,,,
1992871363014168576,2025-12-23 15:13:54.033000,,,,,,,,,,,,,,,,,,
1992871375827767296,2025-12-25 15:31:59.233000,,,,,,,,,,,,,,,,,,
1992871384396730368,2025-12-03 16:29:46.699000,,,,,,,,,,,,,,,,,,
1992871395880734720,2025-12-01 09:24:40.119000,,,,,,,,,,,,,,,,,,
1992871401027145728,2025-11-29 16:04:17.394000,,,,,,,,,,,,,,,,,,
1992874600781975552,2025-12-20 14:33:06.292000,,,,,,,,,,,,,,,,,,
1992874603600547840,2025-12-20 11:03:34.328000,,,,,,,,,,,,,,,,,,
1992874606389760000,2025-12-20 10:22:05.075000,,,,,,,,,,,,,,,,,,
1992874636609720320,2025-12-18 17:12:12.913000,,,,,,,,,,,,,,,,,,
1992874651344310272,2025-12-20 14:52:02.204000,,,,,,,,,,,,,,,,,,
1992874668981358592,2025-12-09 11:31:09.122000,,,,,,,,,,,,,,,,,,
1992874675897765888,2025-12-09 11:42:28.533000,,,,,,,,,,,,,,,,,,
1992878374464393216,2025-12-11 15:13:58.274000,,,,,,,,,,,,,,,,,,
1992878378927132672,2025-12-11 16:31:44.017000,,,,,,,,,,,,,,,,,,
1992878381636653056,2025-12-24 13:09:52.840000,,,,,,,,,,,,,,,,,,
1992878395851149312,2025-12-24 13:20:21.559000,,,,,,,,,,,,,,,,,,
1992878399718297600,2025-12-24 10:18:54.075000,,,,,,,,,,,,,,,,,,
1990307174097752064,2025-12-23 10:58:01.986000,,,,,,,,,,,,,,,,,,
1986093485115183104,2025-11-06 11:32:22.138000,,,,,,,,,,,,,,,,,,
1990302368847237120,2025-12-13 14:49:19.989000,,,,,,,,,,,,,,,,,,
1990302167499673600,2025-12-23 16:50:01.798000,,,,,,,,,,,,,,,,,,
1988154133504462848,2025-12-24 11:08:49.362000,,,,,,,,,,,,,,,,,,
1988163581430075392,2025-11-19 17:34:42.386000,,,,,,,,,,,,,,,,,,
1990302445867241472,2025-12-23 14:18:23.295000,,,,,,,,,,,,,,,,,,
1988154098851123200,2025-11-26 16:13:07.139000,,,,,,,,,,,,,,,,,,
1990302385758670848,2025-12-24 09:23:33.229000,,,,,,,,,,,,,,,,,,
1988154014721773568,2025-12-23 09:17:26.537000,,,,,,,,,,,,,,,,,,
1990302580806389760,2025-11-19 17:38:04.818000,,,,,,,,,,,,,,,,,,
1990302406268817408,2025-12-15 17:43:33.565000,,,,,,,,,,,,,,,,,,
1990302449218490368,2025-12-23 16:14:21.963000,,,,,,,,,,,,,,,,,,
1990307179546152960,2025-12-23 14:12:19.957000,,,,,,,,,,,,,,,,,,
1990302628373991424,2025-11-22 17:27:26.115000,,,,,,,,,,,,,,,,,,
1990302226014408704,2025-12-03 17:56:19.581000,,,,,,,,,,,,,,,,,,
1990302323917852672,2025-11-26 16:57:28.250000,,,,,,,,,,,,,,,,,,
1988154024846823424,2025-11-12 14:25:10.822000,,,,,,,,,,,,,,,,,,
1990302277621125120,2025-12-04 16:37:17.487000,,,,,,,,,,,,,,,,,,
1990302616416030720,2025-11-24 15:33:18.380000,,,,,,,,,,,,,,,,,,
1986739197746221056,2025-12-11 17:58:10.310000,,,,,,,,,,,,,,,,,,
1990302740143804416,2025-12-23 15:27:44.596000,,,,,,,,,,,,,,,,,,
1990302313276903424,2025-12-24 13:52:44.710000,,,,,,,,,,,,,,,,,,
1990302646833123328,2025-12-25 13:31:56.016000,,,,,,,,,,,,,,,,,,
1990302245782163456,2025-12-01 17:50:29.353000,,,,,,,,,,,,,,,,,,
1990302170729287680,2025-12-25 08:54:27.354000,,,,,,,,,,,,,,,,,,
1990302642806591488,2025-12-25 13:23:19.442000,,,,,,,,,,,,,,,,,,
1989561283246166016,2025-12-23 17:08:59.647000,,,,,,,,,,,,,,,,,,
1989561216166662144,2025-12-03 15:27:24.913000,,,,,,,,,,,,,,,,,,
1989567061424214016,2025-12-24 11:13:28.514000,,,,,,,,,,,,,,,,,,
1989567244933402624,2025-12-24 15:38:43.206000,,,,,,,,,,,,,,,,,,
1989567202013089792,2025-12-24 16:28:41.191000,,,,,,,,,,,,,,,,,,
1989560887207399424,2025-12-09 14:38:38.493000,,,,,,,,,,,,,,,,,,
1989560904156581888,2025-12-09 15:20:27.781000,,,,,,,,,,,,,,,,,,
1989560871738806272,2025-12-09 11:31:43.638000,,,,,,,,,,,,,,,,,,
1989560878328057856,2025-12-09 13:50:35.955000,,,,,,,,,,,,,,,,,,
2003133784383426560,2025-12-23 21:29:54.835000,,,,,,,,,,,,,,,,,,
2003108040336871424,2025-12-23 09:51:32.912000,,,,,,,,,,,,,,,,,,
2000045988424847360,2025-12-14 14:58:47.254000,,,,,,,,,,,,,,,,,,
2003107021976637440,2025-12-23 11:08:03.603000,,,,,,,,,,,,,,,,,,
2003384657273556992,2025-12-23 20:48:10.649000,,,,,,,,,,,,,,,,,,
2003105969197944832,2025-12-23 11:38:01.528000,,,,,,,,,,,,,,,,,,
2003105015094448128,2025-12-23 11:27:16.449000,,,,,,,,,,,,,,,,,,
2000834427189596160,2025-12-16 17:20:17.142000,,,,,,,,,,,,,,,,,,
2003387483345260544,2025-12-23 20:50:23.754000,,,,,,,,,,,,,,,,,,
2003791742331129856,2025-12-24 22:59:50.417000,,,,,,,,,,,,,,,,,,
2003795480252911616,2025-12-24 23:11:40.836000,,,,,,,,,,,,,,,,,,
2001970289730260992,2025-12-23 17:38:28.887000,,,,,,,,,,,,,,,,,,
2003409724472692736,2025-12-24 19:29:23.613000,,,,,,,,,,,,,,,,,,
2003644203615260672,2025-12-24 11:14:28.578000,,,,,,,,,,,,,,,,,,
2001611596836769792,2025-12-23 13:07:03.037000,,,,,,,,,,,,,,,,,,
2003399068428144640,2025-12-25 09:50:34.334000,,,,,,,,,,,,,,,,,,
2003410778039914496,2025-12-24 13:27:04.862000,,,,,,,,,,,,,,,,,,
2003650530106281984,2025-12-24 10:46:08.206000,,,,,,,,,,,,,,,,,,
2002979746727727104,2025-12-22 19:48:46.449000,,,,,,,,,,,,,,,,,,
2002980300203888640,2025-12-22 20:38:16.703000,,,,,,,,,,,,,,,,,,
2003651008961581056,2025-12-24 11:00:29.140000,,,,,,,,,,,,,,,,,,
2003410212077309952,2025-12-25 10:02:36.789000,,,,,,,,,,,,,,,,,,
2003411170169589760,2025-12-24 13:25:48.664000,,,,,,,,,,,,,,,,,,
1996397156218572800,2025-12-23 10:22:44.505000,,,,,,,,,,,,,,,,,,
2003402907990495232,2025-12-24 09:54:05.311000,,,,,,,,,,,,,,,,,,
2001961299428380672,2025-12-20 10:02:53.681000,,,,,,,,,,,,,,,,,,
1999657371110084608,2025-12-18 09:56:35.589000,,,,,,,,,,,,,,,,,,
2004033260300144640,2025-12-25 13:23:07.441000,,,,,,,,,,,,,,,,,,
2001968890619498496,2025-12-19 20:37:01.898000,,,,,,,,,,,,,,,,,,
2003753613423415296,2025-12-24 18:57:31.993000,,,,,,,,,,,,,,,,,,
1994612680983449600,2025-12-05 13:30:38.796000,,,,,,,,,,,,,,,,,,
2003400908435755008,2025-12-24 18:27:12.795000,,,,,,,,,,,,,,,,,,
2003651724551786496,2025-12-24 16:29:10.645000,,,,,,,,,,,,,,,,,,
2003652200966000640,2025-12-24 13:15:57.433000,,,,,,,,,,,,,,,,,,
2003652800390762496,2025-12-24 16:38:16.867000,,,,,,,,,,,,,,,,,,
2003719797451395072,2025-12-24 20:25:22.322000,,,,,,,,,,,,,,,,,,
2004032002331906048,2025-12-25 11:42:29.801000,,,,,,,,,,,,,,,,,,
1992871081219854336,2025-12-01 15:08:38.965000,,,,,,,,,,,,,,,,,,
1992871275604873216,2025-12-08 18:01:29.633000,,,,,,,,,,,,,,,,,,
1992871372010950656,2025-12-01 17:42:41.759000,,,,,,,,,,,,,,,,,,
1992871283330781184,2025-12-09 17:49:41.542000,,,,,,,,,,,,,,,,,,
1992871262480896000,2025-12-08 17:17:49.389000,,,,,,,,,,,,,,,,,,
1992871342936035328,2025-11-29 17:41:51.021000,,,,,,,,,,,,,,,,,,
1992874633027784704,2025-12-01 14:25:34.609000,,,,,,,,,,,,,,,,,,
1992871308974755840,2025-11-25 17:22:42.587000,,,,,,,,,,,,,,,,,,
1992871345989488640,2025-11-26 17:51:19.899000,,,,,,,,,,,,,,,,,,
1992871312334393344,2025-12-10 11:50:05.659000,,,,,,,,,,,,,,,,,,
1992874584696819712,2025-12-13 16:36:30.692000,,,,,,,,,,,,,,,,,,
1992871337508605952,2025-11-26 17:45:56.511000,,,,,,,,,,,,,,,,,,
1992871085770674176,2025-12-01 16:29:18.131000,,,,,,,,,,,,,,,,,,
1992874587578306560,2025-12-09 09:39:27.615000,,,,,,,,,,,,,,,,,,
1992871072495702016,2025-12-01 16:45:46.474000,,,,,,,,,,,,,,,,,,
1992871068859240448,2025-12-02 15:11:29.755000,,,,,,,,,,,,,,,,,,
1992874654548758528,2025-12-20 15:04:56.118000,,,,,,,,,,,,,,,,,,
1992871317589856256,2025-12-07 17:39:51.615000,,,,,,,,,,,,,,,,,,
1992871098793988096,2025-12-04 11:06:29.153000,,,,,,,,,,,,,,,,,,
1992871368986857472,2025-12-01 17:35:41.914000,,,,,,,,,,,,,,,,,,
1992871354424233984,2025-11-27 14:03:44.245000,,,,,,,,,,,,,,,,,,
1992874629391323136,2025-12-19 16:57:01.861000,,,,,,,,,,,,,,,,,,
1992874679915909120,2025-12-07 17:04:27.989000,,,,,,,,,,,,,,,,,,
1992871095031697408,2025-12-02 09:13:13.942000,,,,,,,,,,,,,,,,,,
1992874581534314496,2025-12-09 14:11:02.765000,,,,,,,,,,,,,,,,,,
1992871149779947520,2025-12-01 17:05:03.690000,,,,,,,,,,,,,,,,,,
1992871089117728768,2025-12-09 16:04:30.941000,,,,,,,,,,,,,,,,,,
1992874683502039040,2025-12-07 17:12:11.526000,,,,,,,,,,,,,,,,,,
1992878443976593408,2025-12-11 16:40:51.162000,,,,,,,,,,,,,,,,,,
1992871062521647104,2025-12-02 14:59:27.129000,,,,,,,,,,,,,,,,,,
1992871280021475328,2025-12-10 17:39:12.637000,,,,,,,,,,,,,,,,,,
1992871154947330048,2025-12-03 14:45:51.728000,,,,,,,,,,,,,,,,,,
1992874614639955968,2025-12-11 17:38:33.945000,,,,,,,,,,,,,,,,,,
1992871333297524736,2025-11-26 17:34:22.832000,,,,,,,,,,,,,,,,,,
1992874591172825088,2025-12-01 15:32:51.758000,,,,,,,,,,,,,,,,,,
1992871140808331264,2025-12-02 15:53:36.574000,,,,,,,,,,,,,,,,,,
1992878403237318656,2025-12-11 17:04:47.449000,,,,,,,,,,,,,,,,,,
1992874672483602432,2025-12-09 11:19:32.596000,,,,,,,,,,,,,,,,,,
1992878370236534784,2025-12-11 16:27:33.775000,,,,,,,,,,,,,,,,,,
1992878362716147712,2025-12-23 13:59:01.652000,,,,,,,,,,,,,,,,,,
1992871145472397312,2025-12-02 16:36:42.050000,,,,,,,,,,,,,,,,,,
1992878359574614016,2025-12-18 17:55:19.616000,,,,,,,,,,,,,,,,,,
1992874647695265792,2025-11-25 17:51:35.863000,,,,,,,,,,,,,,,,,,
1992871159158411264,2025-12-03 15:03:54.874000,,,,,,,,,,,,,,,,,,
1992871390298116096,2025-12-01 17:53:01.836000,,,,,,,,,,,,,,,,,,
1992871303425691648,2025-11-27 17:17:45.060000,,,,,,,,,,,,,,,,,,
1992871365908238336,2025-11-29 17:40:10.244000,,,,,,,,,,,,,,,,,,
1993206494534963200,2025-11-29 17:06:54.952000,,,,,,,,,,,,,,,,,,
1993206048265211904,2025-12-10 09:01:21.291000,,,,,,,,,,,,,,,,,,
1993206436087336960,2025-12-03 17:51:37.480000,,,,,,,,,,,,,,,,,,
1993206015562223616,2025-11-25 16:39:26.141000,,,,,,,,,,,,,,,,,,
1993206439459557376,2025-11-28 15:06:20.685000,,,,,,,,,,,,,,,,,,
1993206302716858368,2025-12-23 09:37:54.890000,,,,,,,,,,,,,,,,,,
1993206334601957376,2025-12-03 17:10:45.206000,,,,,,,,,,,,,,,,,,
1993206471424348160,2025-12-07 16:49:37.382000,,,,,,,,,,,,,,,,,,
1993206328444719104,2025-12-03 17:35:12.662000,,,,,,,,,,,,,,,,,,
1993206506996240384,2025-12-11 16:37:06.713000,,,,,,,,,,,,,,,,,,
1993206182927536128,2025-12-03 16:46:19.148000,,,,,,,,,,,,,,,,,,
1993206150924996608,2025-12-23 10:36:32.844000,,,,,,,,,,,,,,,,,,
1993206201650909184,2025-12-08 16:54:02.044000,,,,,,,,,,,,,,,,,,
1993206099226005504,2025-11-25 16:50:43.281000,,,,,,,,,,,,,,,,,,
1993206114346471424,2025-12-08 17:29:57.537000,,,,,,,,,,,,,,,,,,
1993206341853908992,2025-11-28 15:16:43.619000,,,,,,,,,,,,,,,,,,
1993206386993008640,2025-12-08 17:11:54.958000,,,,,,,,,,,,,,,,,,
1993206164350963712,2025-11-25 17:22:09.700000,,,,,,,,,,,,,,,,,,
1993206028933664768,2025-11-29 17:23:47.468000,,,,,,,,,,,,,,,,,,
1993206025838268416,2025-12-02 11:19:43.403000,,,,,,,,,,,,,,,,,,
1993206338523631616,2025-11-28 15:12:26.501000,,,,,,,,,,,,,,,,,,
1993206081563791360,2025-12-23 16:14:59.012000,,,,,,,,,,,,,,,,,,
1993206427514179584,2025-12-07 14:21:13.641000,,,,,,,,,,,,,,,,,,
1993206349869223936,2025-12-03 16:27:41.991000,,,,,,,,,,,,,,,,,,
1993206465346801664,2025-12-10 11:42:00.909000,,,,,,,,,,,,,,,,,,
1993206187016982528,2025-12-12 17:21:46.797000,,,,,,,,,,,,,,,,,,
1993206383251689472,2025-12-03 17:28:17.002000,,,,,,,,,,,,,,,,,,
1993206067240243200,2025-11-27 16:53:05.232000,,,,,,,,,,,,,,,,,,
1993206217757036544,2025-12-23 14:08:34.126000,,,,,,,,,,,,,,,,,,
1993206284136091648,2025-12-23 11:49:51.978000,,,,,,,,,,,,,,,,,,
1993206169358962688,2025-12-07 11:28:23.694000,,,,,,,,,,,,,,,,,,
1993206390801436672,2025-12-09 16:56:46.928000,,,,,,,,,,,,,,,,,,
1993206420937510912,2025-12-07 17:42:05.179000,,,,,,,,,,,,,,,,,,
1993206497898795008,2025-12-01 17:18:43.102000,,,,,,,,,,,,,,,,,,
1993206103982346240,2025-11-25 16:30:10.312000,,,,,,,,,,,,,,,,,,
1993206484598657024,2025-11-28 16:08:57.817000,,,,,,,,,,,,,,,,,,
1993206078107684864,2025-12-08 11:24:02.762000,,,,,,,,,,,,,,,,,,
1993206038534426624,2025-11-29 17:31:26.616000,,,,,,,,,,,,,,,,,,
1993206233003331584,2025-11-26 16:32:55.875000,,,,,,,,,,,,,,,,,,
1993206119094423552,2025-12-12 16:34:29.118000,,,,,,,,,,,,,,,,,,
1993206191823654912,2025-12-09 13:20:03.300000,,,,,,,,,,,,,,,,,,
1993206176162123776,2025-11-26 16:11:56.483000,,,,,,,,,,,,,,,,,,
1993206128942649344,2025-11-26 17:21:43.871000,,,,,,,,,,,,,,,,,,
1993206502487363584,2025-12-23 09:43:59.716000,,,,,,,,,,,,,,,,,,
1993206295183888384,2025-12-03 17:02:28.190000,,,,,,,,,,,,,,,,,,
1993206196756156416,2025-12-03 14:06:26.470000,,,,,,,,,,,,,,,,,,
1993206237663203328,2025-12-04 17:32:25.751000,,,,,,,,,,,,,,,,,,
1993206058226683904,2025-12-04 11:23:36.828000,,,,,,,,,,,,,,,,,,
1993206356324257792,2025-12-04 17:45:10.048000,,,,,,,,,,,,,,,,,,
1993206124458938368,2025-11-26 17:11:55.295000,,,,,,,,,,,,,,,,,,
1993206394567921664,2025-12-23 12:04:15.089000,,,,,,,,,,,,,,,,,,
1993206053327736832,2025-11-26 17:41:22.851000,,,,,,,,,,,,,,,,,,
1993206244940320768,2025-12-04 13:37:40.911000,,,,,,,,,,,,,,,,,,
1993206460225556480,2025-11-28 15:53:52.045000,,,,,,,,,,,,,,,,,,
1993206377551630336,2025-12-04 14:41:15.593000,,,,,,,,,,,,,,,,,,
1993206404873326592,2025-11-26 17:54:48.859000,,,,,,,,,,,,,,,,,,
1993206476939857920,2025-12-11 13:59:06.641000,,,,,,,,,,,,,,,,,,
1993206372111618048,2025-12-23 15:04:04.761000,,,,,,,,,,,,,,,,,,
1993206227219386368,2025-12-23 12:25:03.012000,,,,,,,,,,,,,,,,,,
1993206324229443584,2025-12-04 09:59:52.968000,,,,,,,,,,,,,,,,,,
1993206449987260416,2025-11-28 15:44:11.389000,,,,,,,,,,,,,,,,,,
1993206445486772224,2025-11-28 15:28:25.253000,,,,,,,,,,,,,,,,,,
1993206490063835136,2025-11-28 17:27:40.073000,,,,,,,,,,,,,,,,,,
1993206042535792640,2025-11-26 17:16:53.901000,,,,,,,,,,,,,,,,,,
1993206274300448768,2025-12-04 10:07:32.136000,,,,,,,,,,,,,,,,,,
1993206107908214784,2025-12-09 17:53:59.178000,,,,,,,,,,,,,,,,,,
1993206134017757184,2025-12-09 17:41:54.868000,,,,,,,,,,,,,,,,,,
1993206258827661312,2025-11-27 14:35:53.238000,,,,,,,,,,,,,,,,,,
1993206268805910528,2025-11-27 15:27:42.539000,,,,,,,,,,,,,,,,,,
1993206431649763328,2025-12-23 09:20:45.193000,,,,,,,,,,,,,,,,,,
1993206210173734912,2025-12-23 09:19:20.688000,,,,,,,,,,,,,,,,,,
1993206362049482752,2025-12-03 17:25:03.182000,,,,,,,,,,,,,,,,,,
1993206289647407104,2025-12-04 14:48:37.217000,,,,,,,,,,,,,,,,,,
1993206415430389760,2025-12-18 17:12:06.681000,,,,,,,,,,,,,,,,,,
1993206409302511616,2025-11-27 16:18:17.062000,,,,,,,,,,,,,,,,,,
1993206253559615488,2025-11-27 14:50:52.426000,,,,,,,,,,,,,,,,,,
1993206254914375680,2025-11-27 14:28:31.930000,,,,,,,,,,,,,,,,,,
1993206074412503040,2025-11-27 16:41:57.839000,,,,,,,,,,,,,,,,,,
1993206262820638720,2025-11-27 17:05:17.535000,,,,,,,,,,,,,,,,,,
1990302604437098496,2025-11-24 16:55:58.439000,,,,,,,,,,,,,,,,,,
1982754987909976064,2025-10-28 10:43:29.885000,,,,,,,,,,,,,,,,,,
1990302305609715712,2025-12-08 10:03:47.759000,,,,,,,,,,,,,,,,,,
1982763223765618688,2025-10-28 09:26:12.170000,,,,,,,,,,,,,,,,,,
1982757922052116480,2025-10-28 09:27:42.369000,,,,,,,,,,,,,,,,,,
1982756148809437184,2025-10-28 09:23:01.626000,,,,,,,,,,,,,,,,,,
1986319701323681792,2025-11-06 16:15:06.998000,,,,,,,,,,,,,,,,,,
1982760369755656192,2025-10-28 09:28:29.679000,,,,,,,,,,,,,,,,,,
1982763748997337088,2025-10-28 09:58:26.113000,,,,,,,,,,,,,,,,,,
1990302211124629504,2025-12-18 10:09:44.605000,,,,,,,,,,,,,,,,,,
1982760060731920384,2025-10-28 09:17:38.012000,,,,,,,,,,,,,,,,,,
1982761152911904768,2025-10-28 09:27:34.231000,,,,,,,,,,,,,,,,,,
1982762294760837120,2025-10-28 09:30:29.785000,,,,,,,,,,,,,,,,,,
1982750898169974784,2025-10-28 09:38:17.752000,,,,,,,,,,,,,,,,,,
1982750280973946880,2025-10-28 10:15:21.190000,,,,,,,,,,,,,,,,,,
1988510338227769344,2025-11-12 16:04:58.057000,,,,,,,,,,,,,,,,,,
1990302365110112256,2025-12-10 17:50:04.323000,,,,,,,,,,,,,,,,,,
1982765238390493184,2025-10-28 10:14:54.466000,,,,,,,,,,,,,,,,,,
1988154017930416128,2025-11-15 13:53:30.170000,,,,,,,,,,,,,,,,,,
1982762519923658752,2025-10-28 10:59:38.543000,,,,,,,,,,,,,,,,,,
1988154006060535808,2025-11-15 10:35:45.664000,,,,,,,,,,,,,,,,,,
1990302301432188928,2025-12-10 14:37:33.053000,,,,,,,,,,,,,,,,,,
1988154050205585408,2025-11-12 14:24:42.985000,,,,,,,,,,,,,,,,,,
1981934015778787328,2025-10-25 14:33:54.548000,,,,,,,,,,,,,,,,,,
1990302558681436160,2025-11-22 17:28:26.532000,,,,,,,,,,,,,,,,,,
1981932425776861184,2025-10-25 13:27:15.930000,,,,,,,,,,,,,,,,,,
1982761694270722048,2025-10-28 09:22:29.007000,,,,,,,,,,,,,,,,,,
1982764046495125504,2025-10-28 10:14:35.237000,,,,,,,,,,,,,,,,,,
1982755366227808256,2025-10-28 09:28:35.195000,,,,,,,,,,,,,,,,,,
1982764952183771136,2025-10-28 10:28:33.443000,,,,,,,,,,,,,,,,,,
1981932874605137920,2025-10-25 13:19:51.949000,,,,,,,,,,,,,,,,,,
1982753570830815232,2025-10-28 09:44:16.971000,,,,,,,,,,,,,,,,,,
1982751297719373824,2025-10-28 09:31:20.632000,,,,,,,,,,,,,,,,,,
1986089025332711424,2025-11-06 10:52:24.991000,,,,,,,,,,,,,,,,,,
1992072545624526848,2025-11-28 17:14:28.324000,,,,,,,,,,,,,,,,,,
1988163573813219328,2025-11-15 14:40:39.850000,,,,,,,,,,,,,,,,,,
1990307187645353984,2025-11-21 16:56:26.535000,,,,,,,,,,,,,,,,,,
1982758289548644352,2025-10-28 09:24:05.655000,,,,,,,,,,,,,,,,,,
1982762824123944960,2025-10-28 09:35:53.266000,,,,,,,,,,,,,,,,,,
1982759793764470784,2025-10-28 10:16:37.599000,,,,,,,,,,,,,,,,,,
1982756576796217344,2025-10-28 09:16:28.316000,,,,,,,,,,,,,,,,,,
1982762036605620224,2025-10-28 09:23:03.494000,,,,,,,,,,,,,,,,,,
1988154073345560576,2025-11-15 16:22:34.837000,,,,,,,,,,,,,,,,,,
1982763484043153408,2025-10-28 09:34:38.319000,,,,,,,,,,,,,,,,,,
1990302202954125312,2025-12-04 10:46:20.789000,,,,,,,,,,,,,,,,,,
1988153985672024064,2025-12-23 11:04:53.176000,,,,,,,,,,,,,,,,,,
1990302610443341824,2025-12-11 14:41:05.755000,,,,,,,,,,,,,,,,,,
1982761391077068800,2025-10-28 10:14:48.637000,,,,,,,,,,,,,,,,,,
1988169834222981120,2025-11-18 16:18:27.846000,,,,,,,,,,,,,,,,,,
1990302423217999872,2025-12-11 17:11:53.091000,,,,,,,,,,,,,,,,,,
1990302486430355456,2025-12-10 09:30:16.585000,,,,,,,,,,,,,,,,,,
1982751757930991616,2025-10-28 09:43:37.070000,,,,,,,,,,,,,,,,,,
1982759493833986048,2025-10-28 11:06:16.835000,,,,,,,,,,,,,,,,,,
1988510354153541632,2025-11-14 17:48:07.415000,,,,,,,,,,,,,,,,,,
1982757206180892672,2025-10-28 09:50:30.686000,,,,,,,,,,,,,,,,,,
1990302218611462144,2025-12-07 10:42:51.583000,,,,,,,,,,,,,,,,,,
1986319703395667968,2025-11-06 17:12:17.886000,,,,,,,,,,,,,,,,,,
1990302372341092352,2025-12-04 15:38:59.545000,,,,,,,,,,,,,,,,,,
1982755748349874176,2025-10-28 09:30:43.280000,,,,,,,,,,,,,,,,,,
1982754028764925952,2025-10-28 09:41:52.266000,,,,,,,,,,,,,,,,,,
1981934784712151040,2025-10-25 13:41:21.424000,,,,,,,,,,,,,,,,,,
1986319696009498624,2025-11-06 16:36:16.856000,,,,,,,,,,,,,,,,,,
1988154112600051712,2025-11-17 16:16:39.500000,,,,,,,,,,,,,,,,,,
1988510340798877696,2025-11-12 16:48:29.708000,,,,,,,,,,,,,,,,,,
1982759094167146496,2025-10-28 09:27:39.258000,,,,,,,,,,,,,,,,,,
1990302475709714432,2025-12-10 12:01:16.516000,,,,,,,,,,,,,,,,,,
1988510374990843904,2025-11-12 17:34:19.795000,,,,,,,,,,,,,,,,,,
1986082196611534848,2025-11-06 09:58:17.692000,,,,,,,,,,,,,,,,,,
1982750379460399104,2025-10-28 09:21:16.510000,,,,,,,,,,,,,,,,,,
1988154086532452352,2025-11-14 15:26:10.771000,,,,,,,,,,,,,,,,,,
1986087918413942784,2025-11-06 14:23:29.957000,,,,,,,,,,,,,,,,,,
1982764686805962752,2025-10-28 09:51:51.238000,,,,,,,,,,,,,,,,,,
1982764365723602944,2025-10-28 09:54:31.506000,,,,,,,,,,,,,,,,,,
1982758680491331584,2025-10-28 09:05:19.519000,,,,,,,,,,,,,,,,,,
1990302145014009856,2025-11-25 16:39:25.946000,,,,,,,,,,,,,,,,,,
1990302156535762944,2025-12-09 16:46:06.033000,,,,,,,,,,,,,,,,,,
1988153998963773440,2025-11-19 15:08:14.005000,,,,,,,,,,,,,,,,,,
1990302414896500736,2025-12-13 16:42:42.061000,,,,,,,,,,,,,,,,,,
1986089341809725440,2025-11-06 10:13:19.237000,,,,,,,,,,,,,,,,,,
1982765888725716992,2025-10-28 09:49:15.239000,,,,,,,,,,,,,,,,,,
1981935052715593728,2025-10-25 14:17:25.589000,,,,,,,,,,,,,,,,,,
1986094332540751872,2025-11-10 17:10:56.069000,,,,,,,,,,,,,,,,,,
1986638773252919296,2025-11-07 13:07:56.610000,,,,,,,,,,,,,,,,,,
1990302535461769216,2025-11-25 16:29:50.948000,,,,,,,,,,,,,,,,,,
1988510349883740160,2025-11-14 11:08:46.837000,,,,,,,,,,,,,,,,,,
1986086323345297408,2025-11-14 09:53:50.652000,,,,,,,,,,,,,,,,,,
1990302566495424512,2025-11-18 17:44:29.087000,,,,,,,,,,,,,,,,,,
1990302182217486336,2025-12-24 11:20:07.978000,,,,,,,,,,,,,,,,,,
1988154037937246208,2025-11-19 16:29:21.208000,,,,,,,,,,,,,,,,,,
1990302751334207488,2025-12-09 16:12:20.676000,,,,,,,,,,,,,,,,,,
1982757538613039104,2025-10-28 09:21:15.426000,,,,,,,,,,,,,,,,,,
1990302462090809344,2025-11-26 16:35:42.966000,,,,,,,,,,,,,,,,,,
1986319691920052224,2025-11-06 15:43:27.863000,,,,,,,,,,,,,,,,,,
1988153996073897984,2025-11-18 15:10:14.138000,,,,,,,,,,,,,,,,,,
1988154009004937216,2025-11-15 14:05:27.314000,,,,,,,,,,,,,,,,,,
1986970287723384832,2025-11-08 09:41:57.496000,,,,,,,,,,,,,,,,,,
1986638762892988416,2025-11-07 13:24:43.208000,,,,,,,,,,,,,,,,,,
1990302503425675264,2025-12-02 13:50:11.855000,,,,,,,,,,,,,,,,,,
1988510361023811584,2025-11-12 16:29:20.190000,,,,,,,,,,,,,,,,,,
1990302375818170368,2025-12-02 17:41:29.727000,,,,,,,,,,,,,,,,,,
1990302771726913536,2025-12-04 14:18:31.663000,,,,,,,,,,,,,,,,,,
1990302675572494336,2025-11-24 14:38:16.536000,,,,,,,,,,,,,,,,,,
1986319681862111232,2025-11-06 16:11:01.657000,,,,,,,,,,,,,,,,,,
1988154140051771392,2025-11-15 15:18:02.898000,,,,,,,,,,,,,,,,,,
1988154064529133568,2025-11-13 17:23:42.502000,,,,,,,,,,,,,,,,,,
1986319697787883520,2025-11-06 15:04:58.253000,,,,,,,,,,,,,,,,,,
1988163589432807424,2025-11-14 17:20:12.745000,,,,,,,,,,,,,,,,,,
1988163557145055232,2025-11-14 14:49:07.918000,,,,,,,,,,,,,,,,,,
1990302699933011968,2025-11-21 16:40:11.715000,,,,,,,,,,,,,,,,,,
1970405916717223936,2025-09-30 15:12:37.484000,,,,,,,,,,,,,,,,,,
1989567172875259904,2025-11-19 17:41:14.160000,,,,,,,,,,,,,,,,,,
1976624403559092224,2025-10-27 09:56:57.479000,,,,,,,,,,,,,,,,,,
1970356127568891904,2025-10-07 11:16:50.482000,,,,,,,,,,,,,,,,,,
1975925519073546240,2025-10-09 13:44:32.942000,,,,,,,,,,,,,,,,,,
1989567232451153920,2025-12-04 15:09:29.435000,,,,,,,,,,,,,,,,,,
1989560865573179392,2025-12-08 17:35:26.941000,,,,,,,,,,,,,,,,,,
1989560991544905728,2025-12-04 11:51:51.571000,,,,,,,,,,,,,,,,,,
1989560750791856128,2025-11-18 17:47:04.468000,,,,,,,,,,,,,,,,,,
1976645436030717952,2025-10-21 17:29:42.284000,,,,,,,,,,,,,,,,,,
1975924403720032256,2025-10-10 09:33:46.294000,,,,,,,,,,,,,,,,,,
1970404245966557184,2025-10-08 10:04:52.063000,,,,,,,,,,,,,,,,,,
1989560974318899200,2025-12-03 15:50:45.331000,,,,,,,,,,,,,,,,,,
1989561155395391488,2025-12-05 17:10:34.787000,,,,,,,,,,,,,,,,,,
1975925661004599296,2025-10-09 10:33:30.309000,,,,,,,,,,,,,,,,,,
1989567111609061376,2025-11-22 16:59:11.374000,,,,,,,,,,,,,,,,,,
1989567136435146752,2025-12-04 13:21:40.006000,,,,,,,,,,,,,,,,,,
1989567186750017536,2025-12-07 16:27:55.153000,,,,,,,,,,,,,,,,,,
1989560769909493760,2025-11-20 16:13:46.349000,,,,,,,,,,,,,,,,,,
1989560980752961536,2025-12-05 14:02:26.766000,,,,,,,,,,,,,,,,,,
1989567102771662848,2025-11-22 17:07:46.956000,,,,,,,,,,,,,,,,,,
1989567268236955648,2025-12-23 10:13:49.111000,,,,,,,,,,,,,,,,,,
1975891446540144640,2025-10-09 10:09:58.779000,,,,,,,,,,,,,,,,,,
1989567146652471296,2025-11-19 16:58:40.718000,,,,,,,,,,,,,,,,,,
1989567157150814208,2025-11-22 16:16:59.430000,,,,,,,,,,,,,,,,,,
1989560764683390976,2025-11-20 16:06:46.210000,,,,,,,,,,,,,,,,,,
1989567152423833600,2025-11-19 17:34:54.971000,,,,,,,,,,,,,,,,,,
1989567116659003392,2025-12-23 09:56:21.133000,,,,,,,,,,,,,,,,,,
1976657356410458112,2025-10-27 09:57:59.364000,,,,,,,,,,,,,,,,,,
1975940711446614016,2025-10-09 17:55:58.840000,,,,,,,,,,,,,,,,,,
1976623768331751424,2025-10-21 11:29:03.197000,,,,,,,,,,,,,,,,,,
1975927817866711040,2025-10-10 08:38:12.806000,,,,,,,,,,,,,,,,,,
1976512887522463744,2025-10-27 09:49:14.137000,,,,,,,,,,,,,,,,,,
1976593523310465024,2025-10-25 10:23:35.094000,,,,,,,,,,,,,,,,,,
1975946637402574848,2025-10-09 17:19:12.358000,,,,,,,,,,,,,,,,,,
1976859077095067648,2025-10-20 15:55:14.586000,,,,,,,,,,,,,,,,,,
1989561139125686272,2025-12-04 16:30:47.844000,,,,,,,,,,,,,,,,,,
1970372424960708608,2025-09-30 16:25:38.800000,,,,,,,,,,,,,,,,,,
1971114157709332480,2025-10-06 15:05:22.237000,,,,,,,,,,,,,,,,,,
1989561270264795136,2025-12-09 14:26:10.621000,,,,,,,,,,,,,,,,,,
1975942936873013248,2025-10-10 16:08:00.238000,,,,,,,,,,,,,,,,,,
1976857842061283328,2025-10-22 03:09:46.153000,,,,,,,,,,,,,,,,,,
1989567126494646272,2025-12-05 14:36:20.066000,,,,,,,,,,,,,,,,,,
1989561131777265664,2025-12-04 17:15:47.219000,,,,,,,,,,,,,,,,,,
1976625832923369472,2025-10-18 21:11:37.697000,,,,,,,,,,,,,,,,,,
1976850697777451008,2025-10-27 17:58:07.299000,,,,,,,,,,,,,,,,,,
1975941918969958400,2025-10-09 16:26:52.436000,,,,,,,,,,,,,,,,,,
1976645254425743360,2025-10-20 17:20:44.339000,,,,,,,,,,,,,,,,,,
1989561149401731072,2025-12-04 17:33:31.340000,,,,,,,,,,,,,,,,,,
1989567042025558016,2025-12-23 11:40:37.519000,,,,,,,,,,,,,,,,,,
1989567141107601408,2025-11-19 17:15:34.462000,,,,,,,,,,,,,,,,,,
1989567249375170560,2025-12-23 13:48:55.239000,,,,,,,,,,,,,,,,,,
1989567161705828352,2025-11-25 16:58:28.036000,,,,,,,,,,,,,,,,,,
1989560804843851776,2025-12-03 09:53:47.556000,,,,,,,,,,,,,,,,,,
1989560859705348096,2025-12-03 13:58:15.346000,,,,,,,,,,,,,,,,,,
1989561006254329856,2025-12-04 10:08:45.747000,,,,,,,,,,,,,,,,,,
1970392398139887616,2025-10-06 21:29:32.309000,,,,,,,,,,,,,,,,,,
1976286198947254272,2025-10-16 02:55:16.422000,,,,,,,,,,,,,,,,,,
1971096645907124224,2025-10-07 13:30:58.167000,,,,,,,,,,,,,,,,,,
1989567095049949184,2025-11-22 17:28:32.230000,,,,,,,,,,,,,,,,,,
1989561124068134912,2025-12-07 17:30:07.828000,,,,,,,,,,,,,,,,,,
1989567106487816192,2025-11-22 17:42:03.910000,,,,,,,,,,,,,,,,,,
1989560916810797056,2025-11-18 14:59:52.066000,,,,,,,,,,,,,,,,,,
1989560757309804544,2025-12-02 17:07:12.097000,,,,,,,,,,,,,,,,,,
1989560986461409280,2025-12-05 17:26:39.779000,,,,,,,,,,,,,,,,,,
1976521602564755456,2025-10-10 13:52:05.510000,,,,,,,,,,,,,,,,,,
1975789530854330368,2025-10-08 17:25:57.237000,,,,,,,,,,,,,,,,,,
1976647548298989568,2025-10-25 13:37:49.143000,,,,,,,,,,,,,,,,,,
1975940354918191104,2025-10-10 09:51:28.906000,,,,,,,,,,,,,,,,,,
1989567238167990272,2025-12-24 10:15:06.138000,,,,,,,,,,,,,,,,,,
1976285118796533760,2025-10-22 10:27:27.443000,,,,,,,,,,,,,,,,,,
1975926595898183680,2025-10-09 13:20:04.034000,,,,,,,,,,,,,,,,,,
1975817898752610304,2025-10-09 13:22:49.719000,,,,,,,,,,,,,,,,,,
1989560962356744192,2025-12-09 11:54:18.768000,,,,,,,,,,,,,,,,,,
1975941463409823744,2025-10-09 10:41:53.560000,,,,,,,,,,,,,,,,,,
1975942087136382976,2025-10-09 17:55:17.886000,,,,,,,,,,,,,,,,,,
1989561000118063104,2025-12-04 10:18:21.750000,,,,,,,,,,,,,,,,,,
1975790648854450176,2025-10-08 13:54:45.458000,,,,,,,,,,,,,,,,,,
1989567167049371648,2025-11-25 17:02:24.719000,,,,,,,,,,,,,,,,,,
1989560967847088128,2025-12-05 13:47:23.611000,,,,,,,,,,,,,,,,,,
1989560939464232960,2025-12-09 10:29:02.853000,,,,,,,,,,,,,,,,,,
1989560776381304832,2025-11-20 16:27:23.662000,,,,,,,,,,,,,,,,,,
1975947017469431808,2025-10-14 04:16:22.744000,,,,,,,,,,,,,,,,,,
1975725278101639168,2025-10-08 15:07:39.891000,,,,,,,,,,,,,,,,,,
1970688682700705792,2025-10-10 14:09:37.801000,,,,,,,,,,,,,,,,,,
1976599868466139136,2025-10-23 13:43:19.376000,,,,,,,,,,,,,,,,,,
1976831286756642816,2025-10-27 14:25:00.083000,,,,,,,,,,,,,,,,,,
1971112465349611520,2025-10-07 10:14:34.240000,,,,,,,,,,,,,,,,,,
1976297912770105344,2025-10-17 22:39:42.948000,,,,,,,,,,,,,,,,,,
1976270775547727872,2025-10-10 11:37:37.646000,,,,,,,,,,,,,,,,,,
1976838264887316480,2025-10-22 16:25:11.034000,,,,,,,,,,,,,,,,,,
1976552256291606528,2025-10-27 12:14:40.005000,,,,,,,,,,,,,,,,,,
1976286384079638528,2025-10-16 05:14:36.693000,,,,,,,,,,,,,,,,,,
1970745649687302144,2025-10-07 13:42:15.727000,,,,,,,,,,,,,,,,,,
1989561162244689920,2025-12-11 16:36:06.523000,,,,,,,,,,,,,,,,,,
1975930395199410176,2025-10-10 18:41:12.802000,,,,,,,,,,,,,,,,,,
1975909536871092224,2025-10-09 12:03:03.999000,,,,,,,,,,,,,,,,,,
1975923768685629440,2025-10-10 11:21:58.390000,,,,,,,,,,,,,,,,,,
1975940142912901120,2025-10-09 10:52:28.444000,,,,,,,,,,,,,,,,,,
1975751417180327936,2025-10-08 14:31:13.399000,,,,,,,,,,,,,,,,,,
1977550429294301184,2025-10-23 13:20:58.172000,,,,,,,,,,,,,,,,,,
1976838013434597376,2025-10-14 15:52:21.721000,,,,,,,,,,,,,,,,,,
1975465924429484032,2025-10-08 11:48:54.650000,,,,,,,,,,,,,,,,,,
1976835027861901312,2025-10-18 10:58:47.951000,,,,,,,,,,,,,,,,,,
1976643611525255168,2025-10-15 20:40:56.754000,,,,,,,,,,,,,,,,,,
1976830738556915712,2025-10-20 22:11:11.646000,,,,,,,,,,,,,,,,,,
1976660293958373376,2025-10-23 13:34:17.124000,,,,,,,,,,,,,,,,,,
1975525140158615552,2025-10-07 20:16:03.917000,,,,,,,,,,,,,,,,,,
1976297425270345728,2025-10-18 14:22:42.046000,,,,,,,,,,,,,,,,,,
1976647758320373760,2025-10-25 05:25:06.466000,,,,,,,,,,,,,,,,,,
1975890877637332992,2025-10-09 10:55:33.313000,,,,,,,,,,,,,,,,,,
1970367372900569088,2025-10-06 18:22:28.469000,,,,,,,,,,,,,,,,,,
1976619256464412672,2025-10-19 15:48:36.381000,,,,,,,,,,,,,,,,,,
1976537854079275008,2025-10-18 13:14:44.429000,,,,,,,,,,,,,,,,,,
1976645627160956928,2025-10-21 14:27:17.602000,,,,,,,,,,,,,,,,,,
1975725615298514944,2025-10-08 17:27:55.548000,,,,,,,,,,,,,,,,,,
1975941795187658752,2025-10-10 10:14:07.239000,,,,,,,,,,,,,,,,,,
1976604314373853184,2025-10-27 16:25:39.915000,,,,,,,,,,,,,,,,,,
1975821246167912448,2025-10-09 15:44:21.807000,,,,,,,,,,,,,,,,,,
1975926357632356352,2025-10-09 11:13:56.464000,,,,,,,,,,,,,,,,,,
1976928538795839488,2025-10-13 13:28:13.773000,,,,,,,,,,,,,,,,,,
1976546334559309824,2025-10-21 11:34:44.684000,,,,,,,,,,,,,,,,,,
1989560926004711424,2025-11-18 15:23:24.409000,,,,,,,,,,,,,,,,,,
1989560895226908672,2025-12-09 16:07:57.857000,,,,,,,,,,,,,,,,,,
1975493675861544960,2025-10-07 17:46:35.628000,,,,,,,,,,,,,,,,,,
1975740049253339136,2025-10-08 11:25:44.386000,,,,,,,,,,,,,,,,,,
1970408093531639808,2025-10-10 15:16:54.847000,,,,,,,,,,,,,,,,,,
1970379668943147008,2025-10-06 17:37:40.098000,,,,,,,,,,,,,,,,,,
1971112915964661760,2025-10-06 16:32:32.121000,,,,,,,,,,,,,,,,,,
1976836928712085504,2025-10-27 10:07:16.229000,,,,,,,,,,,,,,,,,,
1975807262786195456,2025-10-08 16:02:13.208000,,,,,,,,,,,,,,,,,,
1976508562746249216,2025-10-23 10:49:08.552000,,,,,,,,,,,,,,,,,,
1976656007299993600,2025-10-14 17:52:08.917000,,,,,,,,,,,,,,,,,,
1989560931004321792,2025-11-18 15:34:56.827000,,,,,,,,,,,,,,,,,,
1975816827179241472,2025-10-08 16:52:33.638000,,,,,,,,,,,,,,,,,,
1989567098623496192,2025-11-22 17:18:06.437000,,,,,,,,,,,,,,,,,,
1970710322318807040,2025-10-07 11:46:00.352000,,,,,,,,,,,,,,,,,,
1976507775995482112,2025-10-18 10:56:17.803000,,,,,,,,,,,,,,,,,,
1976645978916261888,2025-10-22 13:51:14.155000,,,,,,,,,,,,,,,,,,
1970340322164740096,2025-10-06 15:02:12.027000,,,,,,,,,,,,,,,,,,
1989561256843022336,2025-12-09 14:36:19.618000,,,,,,,,,,,,,,,,,,
1975931940557164544,2025-10-09 17:19:18.691000,,,,,,,,,,,,,,,,,,
1975516611867709440,2025-10-08 09:55:44.083000,,,,,,,,,,,,,,,,,,
1971041817440948224,2025-09-30 13:38:09.239000,,,,,,,,,,,,,,,,,,
1971124815079280640,2025-10-07 14:00:07.349000,,,,,,,,,,,,,,,,,,
1975893784373891072,2025-10-09 10:40:17.705000,,,,,,,,,,,,,,,,,,
1975903293817360384,2025-10-12 10:34:36.786000,,,,,,,,,,,,,,,,,,
1976619058954637312,2025-10-23 13:33:04.027000,,,,,,,,,,,,,,,,,,
1975752166333353984,2025-10-08 18:03:25.471000,,,,,,,,,,,,,,,,,,
1975905101763710976,2025-10-09 10:38:51.958000,,,,,,,,,,,,,,,,,,
1976842602183528448,2025-10-25 10:16:54.139000,,,,,,,,,,,,,,,,,,
1975942454335115264,2025-10-10 13:25:27.767000,,,,,,,,,,,,,,,,,,
1976522654420701184,2025-10-21 03:57:52.971000,,,,,,,,,,,,,,,,,,
1976274923609526272,2025-10-10 13:57:54.034000,,,,,,,,,,,,,,,,,,
1975750353152512000,2025-10-08 11:57:17.738000,,,,,,,,,,,,,,,,,,
1976851850783232000,2025-10-27 09:47:26.088000,,,,,,,,,,,,,,,,,,
1975932595388682240,2025-10-10 08:41:59.759000,,,,,,,,,,,,,,,,,,
1975409682579329024,2025-10-08 09:43:27.348000,,,,,,,,,,,,,,,,,,
1976275272797917184,2025-10-15 10:04:04.170000,,,,,,,,,,,,,,,,,,
1976524681276166144,2025-10-18 12:07:18.236000,,,,,,,,,,,,,,,,,,
1975942197115228160,2025-10-15 03:46:52.503000,,,,,,,,,,,,,,,,,,
1975941232328839168,2025-10-09 13:09:20.119000,,,,,,,,,,,,,,,,,,
1975940713719926784,2025-10-10 15:35:32.234000,,,,,,,,,,,,,,,,,,
1975746877831909376,2025-10-08 11:49:52.377000,,,,,,,,,,,,,,,,,,
1975385809746006016,2025-10-07 11:30:26.748000,,,,,,,,,,,,,,,,,,
1970421491845697536,2025-10-07 15:14:31.555000,,,,,,,,,,,,,,,,,,
1975932354325254144,2025-10-10 08:47:49.860000,,,,,,,,,,,,,,,,,,
1976668023838347264,2025-10-23 14:54:13.194000,,,,,,,,,,,,,,,,,,
1976603687954550784,2025-10-17 05:24:16.193000,,,,,,,,,,,,,,,,,,
1976515542969880576,2025-10-24 15:55:26.505000,,,,,,,,,,,,,,,,,,
1976299054342213632,2025-10-21 22:38:28.095000,,,,,,,,,,,,,,,,,,
1989561168372568064,2025-12-11 17:26:48.014000,,,,,,,,,,,,,,,,,,
1989561263679737856,2025-12-09 14:19:01.765000,,,,,,,,,,,,,,,,,,
1975899420834795520,2025-10-23 09:26:25.767000,,,,,,,,,,,,,,,,,,
1976276505059266560,2025-10-15 17:33:59.975000,,,,,,,,,,,,,,,,,,
1975728287548313600,2025-10-08 11:08:22.924000,,,,,,,,,,,,,,,,,,
1971107367374426112,2025-09-30 13:20:28.508000,,,,,,,,,,,,,,,,,,
1975918008715055104,2025-10-10 09:41:28.046000,,,,,,,,,,,,,,,,,,
1976542292827312128,2025-10-21 02:57:46.975000,,,,,,,,,,,,,,,,,,
1976546212551200768,2025-10-21 10:20:39.693000,,,,,,,,,,,,,,,,,,
1975922825474740224,2025-10-09 16:25:47.543000,,,,,,,,,,,,,,,,,,
1971094268995047424,2025-10-07 10:18:46.944000,,,,,,,,,,,,,,,,,,
1976561718431715328,2025-10-19 21:12:41.775000,,,,,,,,,,,,,,,,,,
1976291777681952768,2025-10-15 10:56:11.157000,,,,,,,,,,,,,,,,,,
1976134958716162048,2025-10-09 13:28:26.791000,,,,,,,,,,,,,,,,,,
1970399748305326080,2025-10-10 19:45:41.318000,,,,,,,,,,,,,,,,,,
1976443608617848832,2025-10-10 15:03:27.353000,,,,,,,,,,,,,,,,,,
1971113598243704832,2025-10-09 17:34:45.011000,,,,,,,,,,,,,,,,,,
1970697294340820992,2025-10-07 13:18:26.603000,,,,,,,,,,,,,,,,,,
1976621561247043584,2025-10-20 15:33:27.088000,,,,,,,,,,,,,,,,,,
1971063891240816640,2025-10-07 12:01:42.202000,,,,,,,,,,,,,,,,,,
1976290076451278848,2025-10-25 10:09:12.025000,,,,,,,,,,,,,,,,,,
1970417447077023744,2025-10-07 16:31:00.669000,,,,,,,,,,,,,,,,,,
1975922352751513600,2025-10-10 13:25:18.345000,,,,,,,,,,,,,,,,,,
1975942182447747072,2025-10-09 10:01:08.982000,,,,,,,,,,,,,,,,,,
1976650846104064000,2025-10-23 14:18:21.972000,,,,,,,,,,,,,,,,,,
1976534545729720320,2025-10-18 11:33:19.344000,,,,,,,,,,,,,,,,,,
1970421182264119296,2025-10-10 10:21:49.454000,,,,,,,,,,,,,,,,,,
1975923689904017408,2025-10-13 13:16:27.125000,,,,,,,,,,,,,,,,,,
1975926991815315456,2025-10-09 16:38:22.331000,,,,,,,,,,,,,,,,,,
1976851099780517888,2025-10-24 09:55:50.624000,,,,,,,,,,,,,,,,,,
1971120969267417088,2025-10-06 17:34:25.552000,,,,,,,,,,,,,,,,,,
1970694917281943552,2025-10-07 16:19:47.768000,,,,,,,,,,,,,,,,,,
1976295026396893184,2025-10-14 04:10:29.550000,,,,,,,,,,,,,,,,,,
1975922906663882752,2025-10-19 23:32:08.189000,,,,,,,,,,,,,,,,,,
1976516241506045952,2025-10-16 05:22:22.350000,,,,,,,,,,,,,,,,,,
1989567121977380864,2025-11-19 16:53:29.221000,,,,,,,,,,,,,,,,,,
1975941086882959360,2025-10-10 18:54:57.585000,,,,,,,,,,,,,,,,,,
1976544457666990080,2025-10-25 17:28:51.907000,,,,,,,,,,,,,,,,,,
1976278265274437632,2025-10-15 20:47:12.899000,,,,,,,,,,,,,,,,,,
1989560781477384192,2025-11-20 17:52:08.846000,,,,,,,,,,,,,,,,,,
1975743705998561280,2025-10-08 11:23:35.818000,,,,,,,,,,,,,,,,,,
1976542240478203904,2025-10-19 10:10:35.371000,,,,,,,,,,,,,,,,,,
1976550947979137024,2025-10-19 10:40:58.186000,,,,,,,,,,,,,,,,,,
1975539181212012544,2025-10-07 20:52:43.760000,,,,,,,,,,,,,,,,,,
1975930370788560896,2025-10-09 10:22:48.180000,,,,,,,,,,,,,,,,,,
1970401248582701056,2025-09-30 13:34:26.519000,,,,,,,,,,,,,,,,,,
1970419071791009792,2025-10-06 15:31:37.248000,,,,,,,,,,,,,,,,,,
1976298354581311488,2025-10-19 20:56:22.786000,,,,,,,,,,,,,,,,,,
1976590328945315840,2025-10-15 16:42:39.785000,,,,,,,,,,,,,,,,,,
1976276260254519296,2025-10-17 10:39:23.314000,,,,,,,,,,,,,,,,,,
1976860262849974272,2025-10-23 16:15:08.047000,,,,,,,,,,,,,,,,,,
1976854926315360256,2025-10-20 16:15:14.595000,,,,,,,,,,,,,,,,,,
1976288312930996224,2025-10-13 10:49:37.819000,,,,,,,,,,,,,,,,,,
1989560953955553280,2025-11-18 17:03:56.917000,,,,,,,,,,,,,,,,,,
1976641807710294016,2025-10-20 15:21:23.438000,,,,,,,,,,,,,,,,,,
1976838595272642560,2025-10-27 15:03:18.289000,,,,,,,,,,,,,,,,,,
1989560789501087744,2025-12-11 17:04:01.024000,,,,,,,,,,,,,,,,,,
1976602353968746496,2025-10-24 21:56:02.323000,,,,,,,,,,,,,,,,,,
1971039724655218688,2025-10-07 16:49:01.308000,,,,,,,,,,,,,,,,,,
1989560910137659392,2025-11-18 14:48:37.828000,,,,,,,,,,,,,,,,,,
1975822243510489088,2025-10-10 12:55:50.436000,,,,,,,,,,,,,,,,,,
1975795277214388224,2025-10-09 11:48:16.002000,,,,,,,,,,,,,,,,,,
1989560797709340672,2025-11-24 15:52:58.834000,,,,,,,,,,,,,,,,,,
1976829624834985984,2025-10-22 04:41:23.453000,,,,,,,,,,,,,,,,,,
1975941086400614400,2025-10-09 14:16:26.507000,,,,,,,,,,,,,,,,,,
1976297093639311360,2025-10-17 17:33:38.115000,,,,,,,,,,,,,,,,,,
1976553656992010240,2025-10-24 13:17:14.230000,,,,,,,,,,,,,,,,,,
1989567131011911680,2025-11-19 17:05:24.053000,,,,,,,,,,,,,,,,,,
1976522414070304768,2025-10-23 11:18:53.134000,,,,,,,,,,,,,,,,,,
1976649871876296704,2025-10-16 12:57:24.302000,,,,,,,,,,,,,,,,,,
1976831142166401024,2025-10-16 13:48:46.544000,,,,,,,,,,,,,,,,,,
1976655688558055424,2025-10-25 14:02:58.757000,,,,,,,,,,,,,,,,,,
1976535604053282816,2025-10-23 13:53:26.168000,,,,,,,,,,,,,,,,,,
1976514955805069312,2025-10-19 03:21:48.019000,,,,,,,,,,,,,,,,,,
1975818447342407680,2025-10-09 14:55:55.718000,,,,,,,,,,,,,,,,,,
1976857694593748992,2025-10-17 21:42:47.998000,,,,,,,,,,,,,,,,,,
1989560945969598464,2025-11-18 16:12:31.996000,,,,,,,,,,,,,,,,,,
1976487768167157760,2025-10-16 05:53:05.085000,,,,,,,,,,,,,,,,,,
1975942468742549504,2025-10-09 16:02:33.585000,,,,,,,,,,,,,,,,,,
1976656711620104192,2025-10-23 10:35:22.024000,,,,,,,,,,,,,,,,,,
1976270927545110528,2025-10-14 05:37:33.764000,,,,,,,,,,,,,,,,,,
1976851613129773056,2025-10-21 11:37:36.285000,,,,,,,,,,,,,,,,,,
1976270312710475776,2025-10-10 17:46:41.171000,,,,,,,,,,,,,,,,,,
1970425922003800064,2025-10-06 17:48:49.477000,,,,,,,,,,,,,,,,,,
1976851778519568384,2025-10-27 09:56:14.093000,,,,,,,,,,,,,,,,,,
1976513911586951168,2025-10-20 11:06:41.874000,,,,,,,,,,,,,,,,,,
1975817402499338240,2025-10-09 10:02:54.061000,,,,,,,,,,,,,,,,,,
1976560251088015360,2025-10-24 13:35:51.762000,,,,,,,,,,,,,,,,,,
1976545956593799168,2025-10-20 04:54:11.871000,,,,,,,,,,,,,,,,,,
1975943352323018752,2025-10-10 14:22:54.349000,,,,,,,,,,,,,,,,,,
1976511388687929344,2025-10-25 14:13:15.319000,,,,,,,,,,,,,,,,,,
1976605489970155520,2025-10-20 13:08:16.939000,,,,,,,,,,,,,,,,,,
1976841801306345472,2025-10-20 03:29:35.720000,,,,,,,,,,,,,,,,,,
1975925288646873088,2025-10-09 13:15:02.922000,,,,,,,,,,,,,,,,,,
1976297692720140288,2025-10-17 20:29:14.156000,,,,,,,,,,,,,,,,,,
2000831301946576896,2025-12-16 16:16:54.316000,,,,,,,,,,,,,,,,,,
2003109727097196544,2025-12-23 10:37:33.705000,,,,,,,,,,,,,,,,,,
2001138950424629248,2025-12-17 15:16:02.077000,,,,,,,,,,,,,,,,,,
2000067992007872512,2025-12-14 13:49:14.412000,,,,,,,,,,,,,,,,,,
2000059968610504704,2025-12-14 15:05:12.582000,,,,,,,,,,,,,,,,,,
2000772590842548224,2025-12-16 14:39:52.703000,,,,,,,,,,,,,,,,,,
2000833448650084352,2025-12-16 16:50:16.745000,,,,,,,,,,,,,,,,,,
2000811985016590336,2025-12-16 14:30:52.626000,,,,,,,,,,,,,,,,,,
2000066577650814976,2025-12-14 14:27:53.311000,,,,,,,,,,,,,,,,,,
2000061261664096256,2025-12-14 15:11:26.882000,,,,,,,,,,,,,,,,,,
2003132371314020352,2025-12-23 16:00:30.482000,,,,,,,,,,,,,,,,,,
2000065645634523136,2025-12-14 14:10:04.428000,,,,,,,,,,,,,,,,,,
2000064591584956416,2025-12-14 14:03:07.137000,,,,,,,,,,,,,,,,,,
2003133173197836288,2025-12-23 23:05:47.823000,,,,,,,,,,,,,,,,,,
1997196830445801472,2025-12-08 15:44:17.548000,,,,,,,,,,,,,,,,,,
1999656680245301248,2025-12-23 09:44:24.810000,,,,,,,,,,,,,,,,,,
1994588018165551104,2025-12-01 10:00:44.591000,,,,,,,,,,,,,,,,,,
1994592482914078720,2025-12-06 15:47:15.987000,,,,,,,,,,,,,,,,,,
2001962824544423936,2025-12-19 20:23:57.433000,,,,,,,,,,,,,,,,,,
1998214491476725760,2025-12-16 10:12:52.927000,,,,,,,,,,,,,,,,,,
1997957809949511680,2025-12-12 14:34:36.910000,,,,,,,,,,,,,,,,,,
2001967942971035648,2025-12-19 19:35:11.077000,,,,,,,,,,,,,,,,,,
1998213371421396992,2025-12-17 17:16:13.402000,,,,,,,,,,,,,,,,,,
1994590545762193408,2025-12-05 11:33:05.588000,,,,,,,,,,,,,,,,,,
2001612308773736448,2025-12-19 09:47:27.394000,,,,,,,,,,,,,,,,,,
1994608856059219968,2025-11-29 16:54:49.479000,,,,,,,,,,,,,,,,,,
1998935302328160256,2025-12-12 08:37:59.903000,,,,,,,,,,,,,,,,,,
1994606974368616448,2025-12-01 14:40:26.152000,,,,,,,,,,,,,,,,,,
1994608065911066624,2025-12-05 14:40:55.802000,,,,,,,,,,,,,,,,,,
1998940320372494336,2025-12-16 10:23:46.606000,,,,,,,,,,,,,,,,,,
2002199559090081792,2025-12-22 20:40:27.325000,,,,,,,,,,,,,,,,,,
2001969891506262016,2025-12-19 19:47:07.257000,,,,,,,,,,,,,,,,,,
2001956612830531584,2025-12-19 18:45:59.139000,,,,,,,,,,,,,,,,,,
2002199732209979392,2025-12-22 20:39:13.315000,,,,,,,,,,,,,,,,,,
1998221740286808064,2025-12-09 17:16:46.326000,,,,,,,,,,,,,,,,,,
1998937230151913472,2025-12-13 09:36:24.916000,,,,,,,,,,,,,,,,,,
1998215630423199744,2025-12-10 11:51:11.334000,,,,,,,,,,,,,,,,,,
1999082661959831552,2025-12-15 10:04:39.392000,,,,,,,,,,,,,,,,,,
1994606060098424832,2025-12-17 17:59:04.137000,,,,,,,,,,,,,,,,,,
1993931422351626240,2025-11-27 16:50:51.732000,,,,,,,,,,,,,,,,,,
1983005843888672768,2025-10-28 14:26:25.050000,,,,,,,,,,,,,,,,,,
2001593348015656960,2025-12-18 19:07:37.393000,,,,,,,,,,,,,,,,,,
2001562735237795840,2025-12-18 16:19:35.205000,,,,,,,,,,,,,,,,,,
1994604652997513216,2025-12-18 16:32:54.315000,,,,,,,,,,,,,,,,,,
1991769876569657344,2025-11-24 13:48:00.770000,,,,,,,,,,,,,,,,,,
1994592155368296448,2025-12-03 11:34:33.344000,,,,,,,,,,,,,,,,,,
1993929318732009472,2025-11-27 16:04:20.674000,,,,,,,,,,,,,,,,,,
1994607661081038848,2025-12-06 10:24:51.302000,,,,,,,,,,,,,,,,,,
1998936113930178560,2025-12-15 15:53:01.016000,,,,,,,,,,,,,,,,,,
1993930578495410176,2025-11-27 14:41:50.693000,,,,,,,,,,,,,,,,,,
1996507593140473856,2025-12-05 13:24:25.442000,,,,,,,,,,,,,,,,,,
1999658897270509568,2025-12-23 09:42:32.879000,,,,,,,,,,,,,,,,,,
1994596246190428160,2025-12-01 14:31:13.251000,,,,,,,,,,,,,,,,,,
1999658082061389824,2025-12-13 15:04:00.889000,,,,,,,,,,,,,,,,,,
1993860735842783232,2025-11-27 15:20:45.516000,,,,,,,,,,,,,,,,,,
1999654753872777216,2025-12-13 09:54:52.922000,,,,,,,,,,,,,,,,,,
1997916629484310528,2025-12-09 13:34:14.984000,,,,,,,,,,,,,,,,,,
1996867041348423680,2025-12-06 16:11:28.464000,,,,,,,,,,,,,,,,,,
1993888047590150144,2025-11-27 13:14:52.173000,,,,,,,,,,,,,,,,,,
1990261821017296896,2025-11-20 11:24:38.518000,,,,,,,,,,,,,,,,,,
1991690222223626240,2025-11-24 11:42:39.688000,,,,,,,,,,,,,,,,,,
1998997326705856512,2025-12-11 14:35:37.741000,,,,,,,,,,,,,,,,,,
1999411443891572736,2025-12-15 18:22:13.180000,,,,,,,,,,,,,,,,,,
1993880616558530560,2025-12-03 10:50:46.818000,,,,,,,,,,,,,,,,,,
1994614275183874048,2025-12-06 15:27:51.598000,,,,,,,,,,,,,,,,,,
1997960583089098752,2025-12-10 14:37:22.548000,,,,,,,,,,,,,,,,,,
1994589536587485184,2025-12-03 11:43:27.501000,,,,,,,,,,,,,,,,,,
1993597055230152704,2025-11-27 09:55:55.128000,,,,,,,,,,,,,,,,,,
1982998474270052352,2025-10-28 15:55:19.184000,,,,,,,,,,,,,,,,,,
1993509281256837120,2025-11-26 10:52:22.442000,,,,,,,,,,,,,,,,,,
1982997831643959296,2025-10-28 14:25:13.241000,,,,,,,,,,,,,,,,,,
1992791337673560064,2025-11-24 15:50:56.744000,,,,,,,,,,,,,,,,,,
1994597501931491328,2025-11-29 14:30:43.801000,,,,,,,,,,,,,,,,,,
1996405522949083136,2025-12-04 11:26:06.984000,,,,,,,,,,,,,,,,,,
1982997780704137216,2025-10-28 15:10:46.286000,,,,,,,,,,,,,,,,,,
1994608771044872192,2025-12-09 10:09:54.465000,,,,,,,,,,,,,,,,,,
1991681720524607488,2025-11-21 10:14:00.418000,,,,,,,,,,,,,,,,,,
2000480886361034752,2025-12-15 16:34:24.859000,,,,,,,,,,,,,,,,,,
1998215904940396544,2025-12-16 15:14:55.900000,,,,,,,,,,,,,,,,,,
1976392372627574784,2025-10-10 05:48:45.732000,,,,,,,,,,,,,,,,,,
1977985102289965056,2025-10-14 14:52:41.533000,,,,,,,,,,,,,,,,,,
1980887602265460736,2025-10-25 10:57:09.598000,,,,,,,,,,,,,,,,,,
1999661989152034816,2025-12-17 13:21:55.059000,,,,,,,,,,,,,,,,,,
1975002326443888640,2025-10-25 14:25:48.033000,,,,,,,,,,,,,,,,,,
1999661318415716352,2025-12-19 13:41:34.195000,,,,,,,,,,,,,,,,,,
1999660307013832704,2025-12-18 11:02:15.325000,,,,,,,,,,,,,,,,,,
1978306821160570880,2025-10-24 11:34:17.411000,,,,,,,,,,,,,,,,,,
1977916154387238912,2025-10-14 10:35:59.226000,,,,,,,,,,,,,,,,,,
1996107454223618048,2025-12-03 15:08:17.225000,,,,,,,,,,,,,,,,,,
1995773006101745664,2025-12-02 18:05:32.348000,,,,,,,,,,,,,,,,,,
1999659378629808128,2025-12-19 15:42:59.126000,,,,,,,,,,,,,,,,,,
1979112078492962816,2025-10-20 10:45:07.487000,,,,,,,,,,,,,,,,,,
1977926121701904384,2025-10-14 13:18:38.064000,,,,,,,,,,,,,,,,,,
1976876029079326720,2025-10-11 17:54:57.687000,,,,,,,,,,,,,,,,,,
1969301167653654528,2025-09-30 11:28:53.625000,,,,,,,,,,,,,,,,,,
1977608970004729856,2025-10-14 10:29:02.140000,,,,,,,,,,,,,,,,,,
1978399242246557696,2025-10-16 10:20:35.279000,,,,,,,,,,,,,,,,,,
1975828324332736512,2025-10-08 19:35:14.126000,,,,,,,,,,,,,,,,,,
1975821750499414016,2025-10-08 16:07:31.761000,,,,,,,,,,,,,,,,,,
1969223030307688448,2025-10-06 19:21:09.707000,,,,,,,,,,,,,,,,,,
1976938778069176320,2025-10-16 13:26:12.279000,,,,,,,,,,,,,,,,,,
1976873658609700864,2025-10-11 15:23:57.073000,,,,,,,,,,,,,,,,,,
1996515636553060352,2025-12-04 18:08:04.866000,,,,,,,,,,,,,,,,,,
1969241369952260096,2025-10-04 18:10:49.147000,,,,,,,,,,,,,,,,,,
1977575655923126272,2025-10-15 14:12:03.136000,,,,,,,,,,,,,,,,,,
1969967621885530112,2025-10-07 21:03:08.058000,,,,,,,,,,,,,,,,,,
1977659065744101376,2025-10-14 11:16:33.484000,,,,,,,,,,,,,,,,,,
1979025902411059200,2025-10-17 17:32:42.354000,,,,,,,,,,,,,,,,,,
1977937607404949504,2025-10-18 16:22:09.203000,,,,,,,,,,,,,,,,,,
1974743469431853056,2025-10-06 20:24:11.648000,,,,,,,,,,,,,,,,,,
1969319086672449536,2025-10-07 17:47:55.548000,,,,,,,,,,,,,,,,,,
1974408644791504896,2025-10-14 14:37:08.809000,,,,,,,,,,,,,,,,,,
1968934407377129472,2025-10-06 23:12:19.618000,,,,,,,,,,,,,,,,,,
1980166330413879296,2025-10-23 16:10:58.374000,,,,,,,,,,,,,,,,,,
1978394156392910848,2025-10-16 10:08:33.701000,,,,,,,,,,,,,,,,,,
1975841648353087488,2025-10-08 20:52:57.496000,,,,,,,,,,,,,,,,,,
1979465731854700544,2025-10-18 16:44:21.330000,,,,,,,,,,,,,,,,,,
1974666240073011200,2025-10-23 14:05:13.381000,,,,,,,,,,,,,,,,,,
1977976630785740800,2025-10-14 14:44:59.466000,,,,,,,,,,,,,,,,,,
1980185461376815104,2025-10-20 17:37:29.841000,,,,,,,,,,,,,,,,,,
1970005014193770496,2025-10-14 11:57:22.894000,,,,,,,,,,,,,,,,,,
1969281988309422080,2025-10-06 20:07:18.105000,,,,,,,,,,,,,,,,,,
1974402985874296832,2025-10-11 06:43:46.114000,,,,,,,,,,,,,,,,,,
1980468664981393408,2025-10-21 17:31:35.814000,,,,,,,,,,,,,,,,,,
1976757811870306304,2025-10-11 06:56:32.475000,,,,,,,,,,,,,,,,,,
1974681039892779008,2025-10-08 00:45:51.469000,,,,,,,,,,,,,,,,,,
1974394718670426112,2025-10-11 10:50:20.527000,,,,,,,,,,,,,,,,,,
1977926671772291072,2025-10-14 11:49:18.640000,,,,,,,,,,,,,,,,,,
1977212906453995520,2025-10-14 13:52:07.466000,,,,,,,,,,,,,,,,,,
1980188079918551040,2025-10-20 18:14:11.199000,,,,,,,,,,,,,,,,,,
1982622896232730624,2025-10-27 10:33:13.896000,,,,,,,,,,,,,,,,,,
1979002504175816704,2025-10-19 10:17:00.782000,,,,,,,,,,,,,,,,,,
1996767818170896384,2025-12-05 13:36:43.022000,,,,,,,,,,,,,,,,,,
1978043145413332992,2025-10-16 10:02:17.090000,,,,,,,,,,,,,,,,,,
1975841464726458368,2025-10-13 14:23:06.512000,,,,,,,,,,,,,,,,,,
1990302229499875328,2025-12-18 17:17:53.151000,,,,,,,,,,,,,,,,,,
1986319711985602560,2025-11-06 16:35:37.328000,,,,,,,,,,,,,,,,,,
1982753055103389696,2025-10-28 09:55:36.013000,,,,,,,,,,,,,,,,,,
1986319668343869440,2025-11-06 15:31:22.828000,,,,,,,,,,,,,,,,,,
1986319694289833984,2025-11-06 17:37:08.042000,,,,,,,,,,,,,,,,,,
1986739153794109440,2025-11-08 09:13:30.581000,,,,,,,,,,,,,,,,,,
1988169865172750336,2025-11-21 13:17:26.467000,,,,,,,,,,,,,,,,,,
1990302309204234240,2025-12-08 11:07:23.114000,,,,,,,,,,,,,,,,,,
1986739193992318976,2025-11-07 18:38:06.253000,,,,,,,,,,,,,,,,,,
1990302442457272320,2025-12-23 16:18:04.011000,,,,,,,,,,,,,,,,,,
1990302206913548288,2025-12-04 14:51:20.507000,,,,,,,,,,,,,,,,,,
1986088257334677504,2025-11-06 10:20:46.604000,,,,,,,,,,,,,,,,,,
1990302761983545344,2025-12-10 17:41:23.438000,,,,,,,,,,,,,,,,,,
1990302669205540864,2025-11-24 17:16:40.840000,,,,,,,,,,,,,,,,,,
1985515920180776960,2025-11-05 09:11:31.457000,,,,,,,,,,,,,,,,,,
1990302215918718976,2025-12-15 17:33:29.741000,,,,,,,,,,,,,,,,,,
1990302419380211712,2025-12-11 17:35:53.670000,,,,,,,,,,,,,,,,,,
1990302626054541312,2025-11-22 17:25:27.288000,,,,,,,,,,,,,,,,,,
1990302290363420672,2025-12-09 10:05:01.277000,,,,,,,,,,,,,,,,,,
1990302152748306432,2025-12-09 16:52:55.512000,,,,,,,,,,,,,,,,,,
1988154138227249152,2025-11-13 14:51:08.731000,,,,,,,,,,,,,,,,,,
1990302481271361536,2025-12-05 16:18:37.470000,,,,,,,,,,,,,,,,,,
1990307164962557952,2025-12-23 16:09:03.584000,,,,,,,,,,,,,,,,,,
1990302198269087744,2025-12-03 12:00:52.948000,,,,,,,,,,,,,,,,,,
1990302295233007616,2025-12-05 14:12:28.788000,,,,,,,,,,,,,,,,,,
1986319675910393856,2025-11-06 17:52:43.678000,,,,,,,,,,,,,,,,,,
1986092396064149504,2025-11-06 10:21:19.903000,,,,,,,,,,,,,,,,,,
1990302742886879232,2025-11-24 14:44:55.688000,,,,,,,,,,,,,,,,,,
1981930514105372672,2025-10-25 14:20:31.171000,,,,,,,,,,,,,,,,,,
1990302646833123328,2025-12-23 17:55:27.174000,,,,,,,,,,,,,,,,,,
1986319655266029568,2025-11-06 16:36:46.449000,,,,,,,,,,,,,,,,,,
1986739174950178816,2025-11-10 17:41:56.292000,,,,,,,,,,,,,,,,,,
1990302544324333568,2025-11-26 16:22:20.378000,,,,,,,,,,,,,,,,,,
1988510336424218624,2025-11-13 16:48:57.416000,,,,,,,,,,,,,,,,,,
1984151665204400128,2025-11-05 10:09:35.764000,,,,,,,,,,,,,,,,,,
1988510369441779712,2025-11-12 16:23:30.012000,,,,,,,,,,,,,,,,,,
1986319738980143104,2025-11-13 13:43:10.987000,,,,,,,,,,,,,,,,,,
1990302251889070080,2025-12-03 15:07:52.847000,,,,,,,,,,,,,,,,,,
1990302601652080640,2025-11-24 17:01:09.408000,,,,,,,,,,,,,,,,,,
1988154059558883328,2025-11-14 13:17:27.714000,,,,,,,,,,,,,,,,,,
1990302140383498240,2025-11-25 16:51:55.768000,,,,,,,,,,,,,,,,,,
1988153980659830784,2025-11-13 17:58:14.339000,,,,,,,,,,,,,,,,,,
1988154001945923584,2025-11-19 15:04:53.931000,,,,,,,,,,,,,,,,,,
1990307169135890432,2025-12-02 17:57:06.234000,,,,,,,,,,,,,,,,,,
1988169862379343872,2025-11-11 17:10:01.515000,,,,,,,,,,,,,,,,,,
1988154146360004608,2025-11-13 16:58:13.701000,,,,,,,,,,,,,,,,,,
1988154136172040192,2025-11-15 13:20:13.482000,,,,,,,,,,,,,,,,,,
1988154179050409984,2025-11-18 10:22:10.499000,,,,,,,,,,,,,,,,,,
1986739200539627520,2025-11-12 11:27:16.792000,,,,,,,,,,,,,,,,,,
1990302496383438848,2025-11-21 17:03:23.995000,,,,,,,,,,,,,,,,,,
1988153983688118272,2025-11-15 17:58:20.883000,,,,,,,,,,,,,,,,,,
1990302607616380928,2025-11-24 15:16:33.705000,,,,,,,,,,,,,,,,,,
1990302473344126976,2025-11-26 16:52:12.978000,,,,,,,,,,,,,,,,,,
1988163592679198720,2025-11-17 16:44:29.547000,,,,,,,,,,,,,,,,,,
1990302706396434432,2025-11-21 16:48:19.883000,,,,,,,,,,,,,,,,,,
1990302194175447040,2025-11-24 17:26:47.892000,,,,,,,,,,,,,,,,,,
1988154161031680000,2025-11-15 16:02:16.167000,,,,,,,,,,,,,,,,,,
1990302240744804352,2025-11-26 17:13:40.843000,,,,,,,,,,,,,,,,,,
1990302684657356800,2025-11-29 17:09:55.234000,,,,,,,,,,,,,,,,,,
1988154190786072576,2025-11-13 11:38:29.954000,,,,,,,,,,,,,,,,,,
1990302716194328576,2025-12-09 17:09:09.489000,,,,,,,,,,,,,,,,,,
1990302672552595456,2025-11-24 14:29:06.057000,,,,,,,,,,,,,,,,,,
1990302618676760576,2025-12-11 14:35:08.521000,,,,,,,,,,,,,,,,,,
1990302395896303616,2025-12-08 13:21:05.335000,,,,,,,,,,,,,,,,,,
1990302687584980992,2025-11-29 17:07:02.239000,,,,,,,,,,,,,,,,,,
1992072549332291584,2025-12-07 15:50:18.985000,,,,,,,,,,,,,,,,,,
1990302650012405760,2025-12-09 09:22:33.040000,,,,,,,,,,,,,,,,,,
1990302623588290560,2025-11-22 17:19:47.189000,,,,,,,,,,,,,,,,,,
1988510365524299776,2025-11-25 16:13:31.475000,,,,,,,,,,,,,,,,,,
1988169856570232832,2025-12-01 17:42:50.683000,,,,,,,,,,,,,,,,,,
1994613291124658176,2025-12-10 16:07:29.181000,,,,,,,,,,,,,,,,,,
1986319699570462720,2025-11-06 16:08:41.379000,,,,,,,,,,,,,,,,,,
1990302149044736000,2025-12-09 16:50:54.360000,,,,,,,,,,,,,,,,,,
1985515270827020288,2025-11-04 16:50:19.384000,,,,,,,,,,,,,,,,,,
1990307184893890560,2025-12-19 09:14:03.000000,,,,,,,,,,,,,,,,,,
1990302464762580992,2025-12-22 18:00:07.281000,,,,,,,,,,,,,,,,,,
1986086627931459584,2025-11-06 10:09:34.299000,,,,,,,,,,,,,,,,,,
1988169859724349440,2025-11-14 14:21:51.730000,,,,,,,,,,,,,,,,,,
1990302562179485696,2025-11-18 17:47:19.812000,,,,,,,,,,,,,,,,,,
1969281988309422080,2025-10-06 20:07:18.105,,,,,,,,,,,,,,,,,,
1969285769092796416,2025-09-27 11:34:35.312,,,,,,,,,,,,,,,,,,
1969951258303401984,2025-10-08 16:39:32.587,,,,,,,,,,,,,,,,,,
1969996726421032960,2025-10-19 16:43:07.393,,,,,,,,,,,,,,,,,,
1970005014193770496,2025-10-14 11:57:22.894,,,,,,,,,,,,,,,,,,
1970005503392223232,2025-10-17 17:33:36.454,,,,,,,,,,,,,,,,,,
1970052170560704512,2025-10-06 10:06:32.446,,,,,,,,,,,,,,,,,,
1972867207658606592,2025-09-30 13:56:51.483,,,,,,,,,,,,,,,,,,
1974417133358157824,2025-10-22 13:25:20.523,,,,,,,,,,,,,,,,,,
1974422389425049600,2025-10-11 02:01:15.916,,,,,,,,,,,,,,,,,,
1974721149849964544,2025-10-22 09:53:01.392,,,,,,,,,,,,,,,,,,
1974748025792368640,2025-11-04 20:51:20.491,,,,,,,,,,,,,,,,,,
1974764818040754176,2025-10-10 23:17:01.484,,,,,,,,,,,,,,,,,,
1975010191913127936,2025-10-07 16:32:59.954,,,,,,,,,,,,,,,,,,
1975465047119499264,2025-10-07 17:14:07.795,,,,,,,,,,,,,,,,,,
1975841648353087488,2025-10-08 20:52:57.496,,,,,,,,,,,,,,,,,,
1975994231357050880,2025-10-09 22:33:59.155,,,,,,,,,,,,,,,,,,
1976108656504213504,2025-10-09 16:36:29.457,,,,,,,,,,,,,,,,,,
1976328903337316352,2025-10-10 01:01:33.013,,,,,,,,,,,,,,,,,,
1976376413091139584,2025-10-10 04:04:53.808,,,,,,,,,,,,,,,,,,
1976471412134776832,2025-10-10 15:20:10.564,,,,,,,,,,,,,,,,,,
1976492299206660096,2025-10-10 11:51:36.643,,,,,,,,,,,,,,,,,,
1976576966383505408,2025-10-10 17:41:22.532,,,,,,,,,,,,,,,,,,
1976671521497812992,2025-10-11 05:43:50.975,,,,,,,,,,,,,,,,,,
1976858334141222912,2025-10-11 15:07:08.207,,,,,,,,,,,,,,,,,,
1976974431154737152,2025-10-15 17:42:30.385,,,,,,,,,,,,,,,,,,
1977189037500403712,2025-10-14 17:09:24.878,,,,,,,,,,,,,,,,,,
1977926121701904384,2025-10-14 13:18:38.064,,,,,,,,,,,,,,,,,,
1977937607404949504,2025-10-18 16:22:09.203,,,,,,,,,,,,,,,,,,
1978301212914749440,2025-10-16 15:50:40.745,,,,,,,,,,,,,,,,,,
1978646919240617984,2025-10-20 13:47:39.376,,,,,,,,,,,,,,,,,,
1979112078492962816,2025-10-20 10:45:07.487,,,,,,,,,,,,,,,,,,
1979465731854700544,2025-10-18 16:44:21.33,,,,,,,,,,,,,,,,,,
1979724580880781312,2025-10-25 16:15:26.676,,,,,,,,,,,,,,,,,,
1980468664981393408,2025-10-21 17:31:35.814,,,,,,,,,,,,,,,,,,
1980501287590039552,2025-10-21 17:49:00.103,,,,,,,,,,,,,,,,,,
1980522552950394880,2025-10-25 10:37:25.427,,,,,,,,,,,,,,,,,,
1980541057187844096,2025-10-21 17:01:58.884,,,,,,,,,,,,,,,,,,
1980547022800949248,2025-10-21 17:40:58.022,,,,,,,,,,,,,,,,,,
1980811205962502144,2025-11-03 21:16:52.114,,,,,,,,,,,,,,,,,,
1980811436267540480,2025-10-22 18:21:03.668,,,,,,,,,,,,,,,,,,
1980816899134590976,2025-10-22 14:05:45.015,,,,,,,,,,,,,,,,,,
1980822116592914432,2025-10-22 13:47:36.85,,,,,,,,,,,,,,,,,,
1980868878519111680,2025-10-22 16:04:41.062,,,,,,,,,,,,,,,,,,
1980887602265460736,2025-10-25 10:57:09.598,,,,,,,,,,,,,,,,,,
1980939434606071808,2025-10-23 15:33:56.394,,,,,,,,,,,,,,,,,,
1980940332413620224,2025-10-23 11:24:21.551,,,,,,,,,,,,,,,,,,
1981174961917792256,2025-10-23 14:36:05.258,,,,,,,,,,,,,,,,,,
1981189776723808256,2025-10-23 11:18:26.106,,,,,,,,,,,,,,,,,,
1981279991903686656,2025-10-23 17:30:37.224,,,,,,,,,,,,,,,,,,
1981298336094883840,2025-10-25 17:21:24.006,,,,,,,,,,,,,,,,,,
1981546334305521664,2025-10-24 14:05:08.162,,,,,,,,,,,,,,,,,,
1981602574620561408,2025-10-24 14:29:05.374,,,,,,,,,,,,,,,,,,
1981660854504001536,2025-10-27 16:37:18.561,,,,,,,,,,,,,,,,,,
1981999461911629824,2025-10-25 17:03:09.007,,,,,,,,,,,,,,,,,,
1982011502923747328,2025-10-25 17:26:45.802,,,,,,,,,,,,,,,,,,
1982026403863990272,2025-10-27 10:52:31.311,,,,,,,,,,,,,,,,,,
1982622896232730624,2025-10-27 10:33:13.896,,,,,,,,,,,,,,,,,,
1982623699920097280,2025-10-27 14:32:25.033,,,,,,,,,,,,,,,,,,
1982623815099879424,2025-10-27 10:05:48.667,,,,,,,,,,,,,,,,,,
1982626765721440256,2025-10-27 17:33:20.278,,,,,,,,,,,,,,,,,,
1982645232000438272,2025-10-27 11:57:25.543,,,,,,,,,,,,,,,,,,
1982675796334088192,2025-10-27 13:20:39.858,,,,,,,,,,,,,,,,,,
1982676969170538496,2025-10-27 16:19:39.598,,,,,,,,,,,,,,,,,,
1982728773543530496,2025-10-27 16:47:54.291,,,,,,,,,,,,,,,,,,
1982750280973946880,2025-10-28 10:15:21.19,,,,,,,,,,,,,,,,,,
1982765238390493184,2025-10-28 10:14:54.466,,,,,,,,,,,,,,,,,,
1985515920180776960,2025-11-05 09:11:31.457,,,,,,,,,,,,,,,,,,
1985885645909921792,2025-11-05 10:18:28.746,,,,,,,,,,,,,,,,,,
1985893168876490752,2025-11-05 14:31:49.808,,,,,,,,,,,,,,,,,,
1986081623636054016,2025-11-06 09:53:37.493,,,,,,,,,,,,,,,,,,
1986086627931459584,2025-11-06 10:09:34.299,,,,,,,,,,,,,,,,,,
1986089025332711424,2025-11-06 10:52:24.991,,,,,,,,,,,,,,,,,,
1986089341809725440,2025-11-06 10:13:19.237,,,,,,,,,,,,,,,,,,
1986091509539278848,2025-11-10 11:37:02.675,,,,,,,,,,,,,,,,,,
1986094332540751872,2025-11-10 17:10:56.069,,,,,,,,,,,,,,,,,,
1986319650446774272,2025-11-06 16:51:19.698,,,,,,,,,,,,,,,,,,
1986319653248569344,2025-11-06 18:01:40.523,,,,,,,,,,,,,,,,,,
1986319686505205760,2025-11-06 18:10:50.84,,,,,,,,,,,,,,,,,,
1986319694289833984,2025-11-06 17:37:08.042,,,,,,,,,,,,,,,,,,
1986319696009498624,2025-11-06 16:36:16.856,,,,,,,,,,,,,,,,,,
1986319703395667968,2025-11-06 17:12:17.886,,,,,,,,,,,,,,,,,,
1986319705366990848,2025-11-06 16:27:01.433,,,,,,,,,,,,,,,,,,
1986319710219800576,2025-11-06 22:28:08.374,,,,,,,,,,,,,,,,,,
1986319711985602560,2025-11-06 16:35:37.328,,,,,,,,,,,,,,,,,,
1986319729115140096,2025-11-06 17:24:37.305,,,,,,,,,,,,,,,,,,
1986319738980143104,2025-11-13 13:43:10.987,,,,,,,,,,,,,,,,,,
1986319748203417600,2025-11-06 16:54:55.525,,,,,,,,,,,,,,,,,,
1986739160655990784,2025-11-10 15:02:52.785,,,,,,,,,,,,,,,,,,
1986739186312548352,2025-11-10 09:29:20.339,,,,,,,,,,,,,,,,,,
1986739207724470272,2025-11-11 13:18:41.928,,,,,,,,,,,,,,,,,,
1988153978042585088,2025-11-14 17:53:01.561,,,,,,,,,,,,,,,,,,
1988153980659830784,2025-11-13 17:58:14.339,,,,,,,,,,,,,,,,,,
1988153998963773440,2025-11-19 15:08:14.005,,,,,,,,,,,,,,,,,,
1988154001945923584,2025-11-19 15:04:53.931,,,,,,,,,,,,,,,,,,
1988154029158567936,2025-11-13 13:44:40.373,,,,,,,,,,,,,,,,,,
1988154031901642752,2025-11-13 14:35:24.773,,,,,,,,,,,,,,,,,,
1988154053514891264,2025-11-14 14:32:19.786,,,,,,,,,,,,,,,,,,
1988154056291520512,2025-11-14 13:53:53.844,,,,,,,,,,,,,,,,,,
1988154066492067840,2025-11-15 16:40:52.634,,,,,,,,,,,,,,,,,,
1988154073345560576,2025-11-15 16:22:34.837,,,,,,,,,,,,,,,,,,
1988154081461538816,2025-11-17 17:55:01.685,,,,,,,,,,,,,,,,,,
1988154098851123200,2025-11-26 16:13:07.139,,,,,,,,,,,,,,,,,,
1988154104979001344,2025-11-15 13:23:46.27,,,,,,,,,,,,,,,,,,
1988154112600051712,2025-11-17 16:16:39.5,,,,,,,,,,,,,,,,,,
1988154116429451264,2025-11-19 17:15:06.813,,,,,,,,,,,,,,,,,,
1988154122532163584,2025-11-17 17:25:58.817,,,,,,,,,,,,,,,,,,
1988154127301087232,2025-11-12 17:21:40.238,,,,,,,,,,,,,,,,,,
1988154136172040192,2025-11-15 13:20:13.482,,,,,,,,,,,,,,,,,,
1988154140051771392,2025-11-15 15:18:02.898,,,,,,,,,,,,,,,,,,
1988154150344593408,2025-11-13 13:59:14.366,,,,,,,,,,,,,,,,,,
1988154152122978304,2025-11-14 17:40:38.68,,,,,,,,,,,,,,,,,,
1988154161031680000,2025-11-15 16:02:16.167,,,,,,,,,,,,,,,,,,
1988154184406536192,2025-11-14 16:27:23.468,,,,,,,,,,,,,,,,,,
1988154187682287616,2025-11-13 10:17:54.388,,,,,,,,,,,,,,,,,,
1988154190786072576,2025-11-13 11:38:29.954,,,,,,,,,,,,,,,,,,
1988163557145055232,2025-11-14 14:49:07.918,,,,,,,,,,,,,,,,,,
1988163562790588416,2025-11-12 17:52:27.631,,,,,,,,,,,,,,,,,,
1988163586035421184,2025-11-24 14:52:46.29,,,,,,,,,,,,,,,,,,
1988169831001755648,2025-11-12 16:14:53.856,,,,,,,,,,,,,,,,,,
1988169839411335168,2025-11-21 17:09:14.37,,,,,,,,,,,,,,,,,,
1988169842364125184,2025-11-12 11:47:11.285,,,,,,,,,,,,,,,,,,
1988169856570232832,2025-12-01 17:42:50.683,,,,,,,,,,,,,,,,,,
1988169862379343872,2025-11-11 17:10:01.515,,,,,,,,,,,,,,,,,,
1988169867911630848,2025-11-14 14:55:55.205,,,,,,,,,,,,,,,,,,
1988510334616473600,2025-11-15 11:52:46.885,,,,,,,,,,,,,,,,,,
1988510340798877696,2025-11-12 16:48:29.708,,,,,,,,,,,,,,,,,,
1988510349883740160,2025-11-14 11:08:46.837,,,,,,,,,,,,,,,,,,
1988510351876034560,2025-11-12 17:55:27.63,,,,,,,,,,,,,,,,,,
1988510356800147456,2025-11-14 17:58:30.655,,,,,,,,,,,,,,,,,,
1988510369441779712,2025-11-12 16:23:30.012,,,,,,,,,,,,,,,,,,
1990261821017296896,2025-11-20 11:24:38.518,,,,,,,,,,,,,,,,,,
1990302433787645952,2025-11-22 15:00:13.72,,,,,,,,,,,,,,,,,,
1990302470726881280,2025-11-26 17:03:52.144,,,,,,,,,,,,,,,,,,
1990302473344126976,2025-11-26 16:52:12.978,,,,,,,,,,,,,,,,,,
1990302489672552448,2025-11-21 17:09:47.433,,,,,,,,,,,,,,,,,,
1990302493040578560,2025-11-24 16:46:25.914,,,,,,,,,,,,,,,,,,
1990302496383438848,2025-11-21 17:03:23.995,,,,,,,,,,,,,,,,,,
1990302515031314432,2025-11-24 17:14:33.118,,,,,,,,,,,,,,,,,,
1990302517791166464,2025-11-24 17:18:29.213,,,,,,,,,,,,,,,,,,
1990302521008197632,2025-11-24 17:16:04.735,,,,,,,,,,,,,,,,,,
1990302550750007296,2025-11-22 17:03:26.672,,,,,,,,,,,,,,,,,,
1990302554411634688,2025-11-22 17:23:42.757,,,,,,,,,,,,,,,,,,
1990302573596381184,2025-11-18 17:51:48.643,,,,,,,,,,,,,,,,,,
1990302583473967104,2025-11-19 17:52:45.1,,,,,,,,,,,,,,,,,,
1990302601652080640,2025-11-24 17:01:09.408,,,,,,,,,,,,,,,,,,
1990302613907836928,2025-11-24 15:25:38.597,,,,,,,,,,,,,,,,,,
1990302687584980992,2025-11-29 17:07:02.239,,,,,,,,,,,,,,,,,,
1990302690818789376,2025-11-21 17:45:42.035,,,,,,,,,,,,,,,,,,
1990302694576885760,2025-11-21 16:52:32.979,,,,,,,,,,,,,,,,,,
1990302699933011968,2025-11-21 16:40:11.715,,,,,,,,,,,,,,,,,,
1990302703108100096,2025-11-21 16:33:34.669,,,,,,,,,,,,,,,,,,
1990302706396434432,2025-11-21 16:48:19.883,,,,,,,,,,,,,,,,,,
1990302709378584576,2025-11-29 17:21:07.439,,,,,,,,,,,,,,,,,,
1990302712998268928,2025-11-29 17:18:04.292,,,,,,,,,,,,,,,,,,
1991681720524607488,2025-11-21 10:14:00.418,,,,,,,,,,,,,,,,,,
1991684724006981632,2025-11-21 10:19:36.87,,,,,,,,,,,,,,,,,,
1992072551400083456,2025-11-24 17:25:39.367,,,,,,,,,,,,,,,,,,
1992791337673560064,2025-11-24 15:50:56.744,,,,,,,,,,,,,,,,,,
1993509281256837120,2025-11-26 10:52:22.442,,,,,,,,,,,,,,,,,,
1993860735842783232,2025-11-27 15:20:45.516,,,,,,,,,,,,,,,,,,
1993880616558530560,2025-12-03 10:50:46.818,,,,,,,,,,,,,,,,,,
1993930578495410176,2025-11-27 14:41:50.693,,,,,,,,,,,,,,,,,,
1993941328374927360,2025-11-27 15:23:22.675,,,,,,,,,,,,,,,,,,
1994226279318163456,2025-12-02 10:35:52.809,,,,,,,,,,,,,,,,,,
1994227224919805952,2025-11-28 13:22:13.338,,,,,,,,,,,,,,,,,,
1994596246190428160,2025-12-01 14:31:13.251,,,,,,,,,,,,,,,,,,
1994597501931491328,2025-11-29 14:30:43.801,,,,,,,,,,,,,,,,,,
1994606974368616448,2025-12-01 14:40:26.152,,,,,,,,,,,,,,,,,,
1995773006101745664,2025-12-02 18:05:32.348,,,,,,,,,,,,,,,,,,
1996107454223618048,2025-12-03 15:08:17.225,,,,,,,,,,,,,,,,,,
1990302132070387712,2025-11-25 17:22:59.460000,,,,,,,,,,,,,,,,,,
1990302554411634688,2025-11-22 17:23:42.757000,,,,,,,,,,,,,,,,,,
1988510356800147456,2025-11-14 17:58:30.655000,,,,,,,,,,,,,,,,,,
1986319684269641728,2025-11-06 16:23:12.693000,,,,,,,,,,,,,,,,,,
1982765576522698752,2025-10-28 10:02:27.764000,,,,,,,,,,,,,,,,,,
1990302360592846848,2025-12-03 11:29:24.302000,,,,,,,,,,,,,,,,,,
1988169850517852160,2025-11-22 16:43:26.059000,,,,,,,,,,,,,,,,,,
1990302273506512896,2025-12-04 15:31:53.244000,,,,,,,,,,,,,,,,,,
1990302712998268928,2025-11-29 17:18:04.292000,,,,,,,,,,,,,,,,,,
1990302591694802944,2025-11-22 17:44:05.029000,,,,,,,,,,,,,,,,,,
1992071058076864512,2025-12-04 13:50:10.998000,,,,,,,,,,,,,,,,,,
1990302709378584576,2025-11-29 17:21:07.439000,,,,,,,,,,,,,,,,,,
1990302186365652992,2025-12-04 14:02:38.531000,,,,,,,,,,,,,,,,,,
1988153978042585088,2025-11-14 17:53:01.561000,,,,,,,,,,,,,,,,,,
1990302745663508480,2025-11-24 14:47:40.443000,,,,,,,,,,,,,,,,,,
1990302653544009728,2025-12-08 10:49:20.386000,,,,,,,,,,,,,,,,,,
1990302222155649024,2025-11-25 17:05:33.856000,,,,,,,,,,,,,,,,,,
1988154130434232320,2025-11-27 09:19:04.595000,,,,,,,,,,,,,,,,,,
1990302758959452160,2025-12-10 17:18:10.910000,,,,,,,,,,,,,,,,,,
1986319729115140096,2025-11-06 17:24:37.305000,,,,,,,,,,,,,,,,,,
1990302765531926528,2025-12-05 17:28:41.392000,,,,,,,,,,,,,,,,,,
1988510367587897344,2025-11-12 16:02:20.617000,,,,,,,,,,,,,,,,,,
1990302728571719680,2025-12-10 15:35:09.757000,,,,,,,,,,,,,,,,,,
1990302330792316928,2025-12-04 14:10:08.987000,,,,,,,,,,,,,,,,,,
1990302174353166336,2025-12-10 17:44:03.451000,,,,,,,,,,,,,,,,,,
1988154124436377600,2025-11-12 17:11:32.421000,,,,,,,,,,,,,,,,,,
1990302512363737088,2025-12-04 14:53:27.250000,,,,,,,,,,,,,,,,,,
1992072547319025664,2025-12-05 18:02:25.914000,,,,,,,,,,,,,,,,,,
1992071055098908672,2025-12-10 11:04:57.250000,,,,,,,,,,,,,,,,,,
1990302657822199808,2025-12-07 16:08:18.346000,,,,,,,,,,,,,,,,,,
1990302267722567680,2025-12-03 16:17:09.896000,,,,,,,,,,,,,,,,,,
1990302586040881152,2025-11-24 17:41:26.166000,,,,,,,,,,,,,,,,,,
1986739180339859456,2025-11-10 14:37:33.202000,,,,,,,,,,,,,,,,,,
1990302768660877312,2025-12-10 13:07:41.365000,,,,,,,,,,,,,,,,,,
1990302755465596928,2025-12-10 15:16:20.602000,,,,,,,,,,,,,,,,,,
1990302681738121216,2025-12-07 15:25:57.110000,,,,,,,,,,,,,,,,,,
1988154158800310272,2025-11-14 16:15:52.978000,,,,,,,,,,,,,,,,,,
1990302632501186560,2025-11-22 16:27:18.395000,,,,,,,,,,,,,,,,,,
1990302452657819648,2025-11-26 17:34:37.994000,,,,,,,,,,,,,,,,,,
1990302263742173184,2025-12-10 16:35:52.271000,,,,,,,,,,,,,,,,,,
1988163595443245056,2025-11-14 15:06:30.706000,,,,,,,,,,,,,,,,,,
1990302517791166464,2025-11-24 17:18:29.213000,,,,,,,,,,,,,,,,,,
1988154045696708608,2025-11-12 14:44:53.391000,,,,,,,,,,,,,,,,,,
1988154150344593408,2025-11-13 13:59:14.366000,,,,,,,,,,,,,,,,,,
1990302468025749504,2025-11-25 16:23:12.601000,,,,,,,,,,,,,,,,,,
1990302621059125248,2025-11-24 15:36:50.500000,,,,,,,,,,,,,,,,,,
1990302430293790720,2025-11-22 14:54:54.447000,,,,,,,,,,,,,,,,,,
1988510351876034560,2025-11-12 17:55:27.630000,,,,,,,,,,,,,,,,,,
1990302459217711104,2025-11-25 16:18:02.638000,,,,,,,,,,,,,,,,,,
1988510362999328768,2025-11-12 16:11:43.512000,,,,,,,,,,,,,,,,,,
1988154107483000832,2025-11-13 16:30:18.794000,,,,,,,,,,,,,,,,,,
1986739183607222272,2025-11-10 11:47:52.222000,,,,,,,,,,,,,,,,,,
1990302506621734912,2025-11-24 17:05:29.102000,,,,,,,,,,,,,,,,,,
1986739203408531456,2025-11-10 16:17:32.361000,,,,,,,,,,,,,,,,,,
1986739215387463680,2025-11-10 14:07:20.191000,,,,,,,,,,,,,,,,,,
1988154077829271552,2025-11-12 14:37:26.793000,,,,,,,,,,,,,,,,,,
1988154155277094912,2025-11-13 16:31:19.494000,,,,,,,,,,,,,,,,,,
1988163577927831552,2025-11-11 17:06:22.983000,,,,,,,,,,,,,,,,,,
1988169831001755648,2025-11-12 16:14:53.856000,,,,,,,,,,,,,,,,,,
1986739218487054336,2025-11-10 09:41:15.447000,,,,,,,,,,,,,,,,,,
1988169870788923392,2025-11-14 14:43:51.936000,,,,,,,,,,,,,,,,,,
1988510331269419008,2025-11-13 17:20:40.442000,,,,,,,,,,,,,,,,,,
1986319734173470720,2025-11-06 17:01:15.568000,,,,,,,,,,,,,,,,,,
1986319731602362368,2025-11-06 21:35:39.404000,,,,,,,,,,,,,,,,,,
1988510372138717184,2025-11-12 15:44:14.409000,,,,,,,,,,,,,,,,,,
1990302613907836928,2025-11-24 15:25:38.597000,,,,,,,,,,,,,,,,,,
1988510323442847744,2025-11-12 15:51:08.038000,,,,,,,,,,,,,,,,,,
1988510377876525056,2025-11-12 17:26:05.213000,,,,,,,,,,,,,,,,,,
1986319719640207360,2025-11-11 15:07:15.525000,,,,,,,,,,,,,,,,,,
1988510345274200064,2025-11-12 15:59:28.378000,,,,,,,,,,,,,,,,,,
1988510328396320768,2025-11-12 15:56:35.047000,,,,,,,,,,,,,,,,,,
1988163562790588416,2025-11-12 17:52:27.631000,,,,,,,,,,,,,,,,,,
1988154053514891264,2025-11-14 14:32:19.786000,,,,,,,,,,,,,,,,,,
1990302256297283584,2025-12-03 16:44:39.498000,,,,,,,,,,,,,,,,,,
1988154141784018944,2025-11-15 15:10:58.940000,,,,,,,,,,,,,,,,,,
1986319714619625472,2025-11-06 15:30:24.565000,,,,,,,,,,,,,,,,,,
1990302353659662336,2025-11-24 17:42:05.297000,,,,,,,,,,,,,,,,,,
1990302666353414144,2025-11-26 17:48:49.189000,,,,,,,,,,,,,,,,,,
1990302136335994880,2025-11-25 17:14:31.342000,,,,,,,,,,,,,,,,,,
1988154088306642944,2025-11-13 17:26:02.666000,,,,,,,,,,,,,,,,,,
1986739207724470272,2025-11-11 13:18:41.928000,,,,,,,,,,,,,,,,,,
1988169842364125184,2025-11-12 11:47:11.285000,,,,,,,,,,,,,,,,,,
1988154056291520512,2025-11-14 13:53:53.844000,,,,,,,,,,,,,,,,,,
1990302515031314432,2025-11-24 17:14:33.118000,,,,,,,,,,,,,,,,,,
1990302470726881280,2025-11-26 17:03:52.144000,,,,,,,,,,,,,,,,,,
1988154083831320576,2025-11-12 10:44:09.942000,,,,,,,,,,,,,,,,,,
1988154152122978304,2025-11-14 17:40:38.680000,,,,,,,,,,,,,,,,,,
1996853419981279232,2025-12-05 17:15:24.301000,,,,,,,,,,,,,,,,,,
1990302234893750272,2025-11-26 16:47:06.901000,,,,,,,,,,,,,,,,,,
1986091509539278848,2025-11-10 11:37:02.675000,,,,,,,,,,,,,,,,,,
1990302189653987328,2025-11-25 17:19:00.459000,,,,,,,,,,,,,,,,,,
1990302583473967104,2025-11-19 17:52:45.100000,,,,,,,,,,,,,,,,,,
1994615446497792000,2025-12-10 14:17:13.341000,,,,,,,,,,,,,,,,,,
1996403237846126592,2025-12-04 11:45:40.780000,,,,,,,,,,,,,,,,,,
1986319754062860288,2025-11-06 16:11:34.643000,,,,,,,,,,,,,,,,,,
1970005503392223232,2025-10-17 17:33:36.454000,,,,,,,,,,,,,,,,,,
1975991567432945664,2025-10-09 02:39:42.233000,,,,,,,,,,,,,,,,,,
1976221454932512768,2025-10-09 18:01:08.780000,,,,,,,,,,,,,,,,,,
1976888518630313984,2025-10-11 13:59:31.290000,,,,,,,,,,,,,,,,,,
1975445611889168384,2025-10-09 04:00:51.436000,,,,,,,,,,,,,,,,,,
1976121246512975872,2025-10-09 12:47:46.009000,,,,,,,,,,,,,,,,,,
1988169867911630848,2025-11-14 14:55:55.205000,,,,,,,,,,,,,,,,,,
1978645969704718336,2025-10-20 14:38:28.371000,,,,,,,,,,,,,,,,,,
1976301698506952704,2025-10-09 23:11:46.257000,,,,,,,,,,,,,,,,,,
1978646774969143296,2025-10-18 13:41:28.996000,,,,,,,,,,,,,,,,,,
1976348975250411520,2025-10-10 02:58:41.289000,,,,,,,,,,,,,,,,,,
1976169258580840448,2025-10-09 14:17:26.029000,,,,,,,,,,,,,,,,,,
1969233361654386688,2025-10-16 14:21:20.907000,,,,,,,,,,,,,,,,,,
1975038203383648256,2025-10-09 03:57:38.907000,,,,,,,,,,,,,,,,,,
1972232915421106176,2025-09-29 10:46:21.085000,,,,,,,,,,,,,,,,,,
1969290413403672576,2025-10-10 15:51:43.118000,,,,,,,,,,,,,,,,,,
1974389901688442880,2025-10-11 06:05:26.777000,,,,,,,,,,,,,,,,,,
1988154127301087232,2025-11-12 17:21:40.238000,,,,,,,,,,,,,,,,,,
1977311006468214784,2025-10-14 14:23:35.787000,,,,,,,,,,,,,,,,,,
1979363833763991552,2025-10-19 09:45:16.364000,,,,,,,,,,,,,,,,,,
1979372897919176704,2025-10-19 10:34:48.607000,,,,,,,,,,,,,,,,,,
1975066608871280640,2025-10-07 14:22:30.145000,,,,,,,,,,,,,,,,,,
1974994648795582464,2025-10-24 10:32:20.651000,,,,,,,,,,,,,,,,,,
1994226279318163456,2025-12-02 10:35:52.809000,,,,,,,,,,,,,,,,,,
1975017891388592128,2025-10-11 16:05:46.605000,,,,,,,,,,,,,,,,,,
1969330858380890112,2025-10-04 14:01:16.230000,,,,,,,,,,,,,,,,,,
1968944493378015232,2025-09-27 18:02:38.243000,,,,,,,,,,,,,,,,,,
1968945705208909824,2025-10-08 20:40:10.034000,,,,,,,,,,,,,,,,,,
1990302550750007296,2025-11-22 17:03:26.672000,,,,,,,,,,,,,,,,,,
1979753510593499136,2025-10-27 10:16:41.369000,,,,,,,,,,,,,,,,,,
1969997647758626816,2025-10-05 15:20:02.934000,,,,,,,,,,,,,,,,,,
1976233723129106432,2025-10-09 19:17:36.413000,,,,,,,,,,,,,,,,,,
1975900846893961216,2025-10-08 20:39:03.410000,,,,,,,,,,,,,,,,,,
1976726243546107904,2025-10-11 03:25:49.128000,,,,,,,,,,,,,,,,,,
1976508694367703040,2025-10-10 13:18:20.770000,,,,,,,,,,,,,,,,,,
1974997355774218240,2025-10-09 13:27:04.593000,,,,,,,,,,,,,,,,,,
1990302493040578560,2025-11-24 16:46:25.914000,,,,,,,,,,,,,,,,,,
1990302694576885760,2025-11-21 16:52:32.979000,,,,,,,,,,,,,,,,,,
1969311237489692672,2025-10-07 22:50:05.331000,,,,,,,,,,,,,,,,,,
1990302489672552448,2025-11-21 17:09:47.433000,,,,,,,,,,,,,,,,,,
1990302521008197632,2025-11-24 17:16:04.735000,,,,,,,,,,,,,,,,,,
1988169839411335168,2025-11-21 17:09:14.370000,,,,,,,,,,,,,,,,,,
1976027122661199872,2025-10-09 04:58:47.884000,,,,,,,,,,,,,,,,,,
1990302433787645952,2025-11-22 15:00:13.720000,,,,,,,,,,,,,,,,,,
1975029393474588672,2025-10-20 16:46:40.828000,,,,,,,,,,,,,,,,,,
1988154104979001344,2025-11-15 13:23:46.270000,,,,,,,,,,,,,,,,,,
1990302703108100096,2025-11-21 16:33:34.669000,,,,,,,,,,,,,,,,,,
1986319746240483328,2025-11-06 16:41:48.931000,,,,,,,,,,,,,,,,,,
1976158273577029632,2025-10-15 13:21:08.869000,,,,,,,,,,,,,,,,,,
1976888046305546240,2025-10-11 14:29:49.715000,,,,,,,,,,,,,,,,,,
1974750321867624448,2025-10-09 16:36:19.084000,,,,,,,,,,,,,,,,,,
1976283148065050624,2025-10-09 22:22:04.854000,,,,,,,,,,,,,,,,,,
1990302573596381184,2025-11-18 17:51:48.643000,,,,,,,,,,,,,,,,,,
1974360434358226944,2025-10-10 07:15:23.668000,,,,,,,,,,,,,,,,,,
1974368032461557760,2025-10-25 17:06:53.724000,,,,,,,,,,,,,,,,,,
1976755170100514816,2025-10-11 05:46:37.359000,,,,,,,,,,,,,,,,,,
1974398482508812288,2025-10-27 10:18:11.633000,,,,,,,,,,,,,,,,,,
1976579724910137344,2025-10-27 15:50:24.958000,,,,,,,,,,,,,,,,,,
1975033516760633344,2025-10-08 13:25:45.947000,,,,,,,,,,,,,,,,,,
1976658450838589440,2025-10-11 00:42:02.684000,,,,,,,,,,,,,,,,,,
1980458016553701376,2025-10-22 17:06:47.131000,,,,,,,,,,,,,,,,,,